--------------------------------------------------------
--  파일이 생성됨 - 금요일-6월-05-2026   
--------------------------------------------------------
--------------------------------------------------------
--  DDL for Table AD_CLICK
--------------------------------------------------------

  CREATE TABLE "LIVELOG"."AD_CLICK" 
   (	"CLICK_ID" NUMBER GENERATED BY DEFAULT AS IDENTITY MINVALUE 1 MAXVALUE 9999999999999999999999999999 INCREMENT BY 1 START WITH 1 CACHE 20 NOORDER  NOCYCLE  NOKEEP  NOSCALE , 
	"AD_ID" NUMBER, 
	"USER_ID" NUMBER, 
	"CREATED_AT" TIMESTAMP (6) DEFAULT CURRENT_TIMESTAMP
   ) SEGMENT CREATION DEFERRED 
  PCTFREE 10 PCTUSED 40 INITRANS 1 MAXTRANS 255 
 NOCOMPRESS LOGGING
  TABLESPACE "USERS" ;
--------------------------------------------------------
--  DDL for Table AD_IMPRESSION
--------------------------------------------------------

  CREATE TABLE "LIVELOG"."AD_IMPRESSION" 
   (	"IMPRESSION_ID" NUMBER GENERATED BY DEFAULT AS IDENTITY MINVALUE 1 MAXVALUE 9999999999999999999999999999 INCREMENT BY 1 START WITH 1 CACHE 20 NOORDER  NOCYCLE  NOKEEP  NOSCALE , 
	"AD_ID" NUMBER, 
	"USER_ID" NUMBER, 
	"POST_ID" NUMBER, 
	"CREATED_AT" TIMESTAMP (6) DEFAULT CURRENT_TIMESTAMP
   ) SEGMENT CREATION DEFERRED 
  PCTFREE 10 PCTUSED 40 INITRANS 1 MAXTRANS 255 
 NOCOMPRESS LOGGING
  TABLESPACE "USERS" ;
--------------------------------------------------------
--  DDL for Table ADS
--------------------------------------------------------

  CREATE TABLE "LIVELOG"."ADS" 
   (	"AD_ID" NUMBER GENERATED BY DEFAULT AS IDENTITY MINVALUE 1 MAXVALUE 9999999999999999999999999999 INCREMENT BY 1 START WITH 1 CACHE 20 NOORDER  NOCYCLE  NOKEEP  NOSCALE , 
	"CONTENT" VARCHAR2(4000 BYTE), 
	"TARGET_CATEGORY_ID" NUMBER, 
	"CREATED_AT" TIMESTAMP (6) DEFAULT CURRENT_TIMESTAMP
   ) SEGMENT CREATION DEFERRED 
  PCTFREE 10 PCTUSED 40 INITRANS 1 MAXTRANS 255 
 NOCOMPRESS LOGGING
  TABLESPACE "USERS" ;
--------------------------------------------------------
--  DDL for Table AI_ANALYSIS_LOG
--------------------------------------------------------

  CREATE TABLE "LIVELOG"."AI_ANALYSIS_LOG" 
   (	"ANALYSIS_ID" NUMBER GENERATED BY DEFAULT AS IDENTITY MINVALUE 1 MAXVALUE 9999999999999999999999999999 INCREMENT BY 1 START WITH 1 CACHE 20 NOORDER  NOCYCLE  NOKEEP  NOSCALE , 
	"POST_ID" NUMBER, 
	"IS_SPOILER" NUMBER(1,0) DEFAULT 0, 
	"CONFIDENCE" NUMBER(5,4), 
	"RECOMMENDED_TAGS" VARCHAR2(500 BYTE), 
	"MODEL_NAME" VARCHAR2(100 BYTE), 
	"CREATED_AT" TIMESTAMP (6) DEFAULT CURRENT_TIMESTAMP
   ) SEGMENT CREATION DEFERRED 
  PCTFREE 10 PCTUSED 40 INITRANS 1 MAXTRANS 255 
 NOCOMPRESS LOGGING
  TABLESPACE "USERS" ;
--------------------------------------------------------
--  DDL for Table CATEGORY
--------------------------------------------------------

  CREATE TABLE "LIVELOG"."CATEGORY" 
   (	"CATEGORY_ID" NUMBER GENERATED BY DEFAULT AS IDENTITY MINVALUE 1 MAXVALUE 9999999999999999999999999999 INCREMENT BY 1 START WITH 1 CACHE 20 NOORDER  NOCYCLE  NOKEEP  NOSCALE , 
	"NAME" VARCHAR2(100 BYTE)
   ) SEGMENT CREATION IMMEDIATE 
  PCTFREE 10 PCTUSED 40 INITRANS 1 MAXTRANS 255 
 NOCOMPRESS LOGGING
  STORAGE(INITIAL 65536 NEXT 1048576 MINEXTENTS 1 MAXEXTENTS 2147483645
  PCTINCREASE 0 FREELISTS 1 FREELIST GROUPS 1
  BUFFER_POOL DEFAULT FLASH_CACHE DEFAULT CELL_FLASH_CACHE DEFAULT)
  TABLESPACE "USERS" ;
--------------------------------------------------------
--  DDL for Table DM
--------------------------------------------------------

  CREATE TABLE "LIVELOG"."DM" 
   (	"MESSAGE_ID" NUMBER GENERATED BY DEFAULT AS IDENTITY MINVALUE 1 MAXVALUE 9999999999999999999999999999 INCREMENT BY 1 START WITH 1 CACHE 20 NOORDER  NOCYCLE  NOKEEP  NOSCALE , 
	"SENDER_ID" NUMBER, 
	"RECEIVER_ID" NUMBER, 
	"CONTENT" VARCHAR2(2000 BYTE), 
	"IS_READ" NUMBER(1,0) DEFAULT 0, 
	"CREATED_AT" TIMESTAMP (6) DEFAULT CURRENT_TIMESTAMP
   ) SEGMENT CREATION DEFERRED 
  PCTFREE 10 PCTUSED 40 INITRANS 1 MAXTRANS 255 
 NOCOMPRESS LOGGING
  TABLESPACE "USERS" ;
--------------------------------------------------------
--  DDL for Table FOLLOWS
--------------------------------------------------------

  CREATE TABLE "LIVELOG"."FOLLOWS" 
   (	"FOLLOW_ID" NUMBER GENERATED BY DEFAULT AS IDENTITY MINVALUE 1 MAXVALUE 9999999999999999999999999999 INCREMENT BY 1 START WITH 1 CACHE 20 NOORDER  NOCYCLE  NOKEEP  NOSCALE , 
	"FOLLOWER_ID" NUMBER, 
	"FOLLOWING_ID" NUMBER, 
	"CREATED_AT" TIMESTAMP (6) DEFAULT CURRENT_TIMESTAMP
   ) SEGMENT CREATION DEFERRED 
  PCTFREE 10 PCTUSED 40 INITRANS 1 MAXTRANS 255 
 NOCOMPRESS LOGGING
  TABLESPACE "USERS" ;
--------------------------------------------------------
--  DDL for Table NOTICE
--------------------------------------------------------

  CREATE TABLE "LIVELOG"."NOTICE" 
   (	"NOTIFICATION_ID" NUMBER GENERATED BY DEFAULT AS IDENTITY MINVALUE 1 MAXVALUE 9999999999999999999999999999 INCREMENT BY 1 START WITH 1 CACHE 20 NOORDER  NOCYCLE  NOKEEP  NOSCALE , 
	"RECEIVER_ID" NUMBER, 
	"SENDER_ID" NUMBER, 
	"NOTIFICATION_TYPE" VARCHAR2(20 BYTE), 
	"TARGET_TYPE" VARCHAR2(20 BYTE), 
	"TARGET_ID" NUMBER, 
	"IS_READ" NUMBER(1,0) DEFAULT 0, 
	"CREATED_AT" TIMESTAMP (6) DEFAULT CURRENT_TIMESTAMP
   ) SEGMENT CREATION DEFERRED 
  PCTFREE 10 PCTUSED 40 INITRANS 1 MAXTRANS 255 
 NOCOMPRESS LOGGING
  TABLESPACE "USERS" ;
--------------------------------------------------------
--  DDL for Table POST_BOOKMARK
--------------------------------------------------------

  CREATE TABLE "LIVELOG"."POST_BOOKMARK" 
   (	"BOOKMARK_ID" NUMBER GENERATED BY DEFAULT AS IDENTITY MINVALUE 1 MAXVALUE 9999999999999999999999999999 INCREMENT BY 1 START WITH 1 CACHE 20 NOORDER  NOCYCLE  NOKEEP  NOSCALE , 
	"USER_ID" NUMBER, 
	"POST_ID" NUMBER, 
	"CREATED_AT" TIMESTAMP (6) DEFAULT CURRENT_TIMESTAMP
   ) SEGMENT CREATION IMMEDIATE 
  PCTFREE 10 PCTUSED 40 INITRANS 1 MAXTRANS 255 
 NOCOMPRESS LOGGING
  STORAGE(INITIAL 65536 NEXT 1048576 MINEXTENTS 1 MAXEXTENTS 2147483645
  PCTINCREASE 0 FREELISTS 1 FREELIST GROUPS 1
  BUFFER_POOL DEFAULT FLASH_CACHE DEFAULT CELL_FLASH_CACHE DEFAULT)
  TABLESPACE "USERS" ;
--------------------------------------------------------
--  DDL for Table POST_LIKE
--------------------------------------------------------

  CREATE TABLE "LIVELOG"."POST_LIKE" 
   (	"LIKE_ID" NUMBER GENERATED BY DEFAULT AS IDENTITY MINVALUE 1 MAXVALUE 9999999999999999999999999999 INCREMENT BY 1 START WITH 1 CACHE 20 NOORDER  NOCYCLE  NOKEEP  NOSCALE , 
	"USER_ID" NUMBER, 
	"POST_ID" NUMBER, 
	"CREATED_AT" TIMESTAMP (6) DEFAULT CURRENT_TIMESTAMP
   ) SEGMENT CREATION IMMEDIATE 
  PCTFREE 10 PCTUSED 40 INITRANS 1 MAXTRANS 255 
 NOCOMPRESS LOGGING
  STORAGE(INITIAL 65536 NEXT 1048576 MINEXTENTS 1 MAXEXTENTS 2147483645
  PCTINCREASE 0 FREELISTS 1 FREELIST GROUPS 1
  BUFFER_POOL DEFAULT FLASH_CACHE DEFAULT CELL_FLASH_CACHE DEFAULT)
  TABLESPACE "USERS" ;
--------------------------------------------------------
--  DDL for Table POST_MEDIA
--------------------------------------------------------

  CREATE TABLE "LIVELOG"."POST_MEDIA" 
   (	"MEDIA_ID" NUMBER GENERATED BY DEFAULT AS IDENTITY MINVALUE 1 MAXVALUE 9999999999999999999999999999 INCREMENT BY 1 START WITH 1 CACHE 20 NOORDER  NOCYCLE  NOKEEP  NOSCALE , 
	"POST_ID" NUMBER, 
	"FILE_PATH" VARCHAR2(500 BYTE), 
	"FILE_NAME" VARCHAR2(200 BYTE), 
	"ORIGIN_NAME" VARCHAR2(200 BYTE), 
	"FILE_SIZE" NUMBER(19,0), 
	"FILE_EXT" VARCHAR2(20 BYTE), 
	"MIME_TYPE" VARCHAR2(100 BYTE), 
	"MEDIA_TYPE" VARCHAR2(20 BYTE), 
	"ORDER_IDX" NUMBER DEFAULT 1, 
	"CREATED_AT" TIMESTAMP (6) DEFAULT CURRENT_TIMESTAMP
   ) SEGMENT CREATION IMMEDIATE 
  PCTFREE 10 PCTUSED 40 INITRANS 1 MAXTRANS 255 
 NOCOMPRESS LOGGING
  STORAGE(INITIAL 65536 NEXT 1048576 MINEXTENTS 1 MAXEXTENTS 2147483645
  PCTINCREASE 0 FREELISTS 1 FREELIST GROUPS 1
  BUFFER_POOL DEFAULT FLASH_CACHE DEFAULT CELL_FLASH_CACHE DEFAULT)
  TABLESPACE "USERS" ;
--------------------------------------------------------
--  DDL for Table POST_TAG
--------------------------------------------------------

  CREATE TABLE "LIVELOG"."POST_TAG" 
   (	"POST_ID" NUMBER, 
	"TAG" VARCHAR2(100 BYTE)
   ) SEGMENT CREATION IMMEDIATE 
  PCTFREE 10 PCTUSED 40 INITRANS 1 MAXTRANS 255 
 NOCOMPRESS LOGGING
  STORAGE(INITIAL 65536 NEXT 1048576 MINEXTENTS 1 MAXEXTENTS 2147483645
  PCTINCREASE 0 FREELISTS 1 FREELIST GROUPS 1
  BUFFER_POOL DEFAULT FLASH_CACHE DEFAULT CELL_FLASH_CACHE DEFAULT)
  TABLESPACE "USERS" ;
--------------------------------------------------------
--  DDL for Table POSTS
--------------------------------------------------------

  CREATE TABLE "LIVELOG"."POSTS" 
   (	"POST_ID" NUMBER GENERATED BY DEFAULT AS IDENTITY MINVALUE 1 MAXVALUE 9999999999999999999999999999 INCREMENT BY 1 START WITH 1 CACHE 20 NOORDER  NOCYCLE  NOKEEP  NOSCALE , 
	"USER_ID" NUMBER, 
	"WORK_ID" NUMBER, 
	"RAW_TITLE" VARCHAR2(255 BYTE), 
	"PROGRESS" VARCHAR2(100 BYTE), 
	"CONTENT" VARCHAR2(4000 BYTE), 
	"IS_SPOILER" NUMBER(1,0) DEFAULT 0, 
	"PARENT_POST_ID" NUMBER, 
	"QUOTE_POST_ID" NUMBER, 
	"CREATED_AT" TIMESTAMP (6) DEFAULT CURRENT_TIMESTAMP, 
	"UPDATED_AT" TIMESTAMP (6) DEFAULT CURRENT_TIMESTAMP, 
	"IS_DELETED" NUMBER(1,0) DEFAULT 0, 
	"DELETED_AT" TIMESTAMP (6)
   ) SEGMENT CREATION IMMEDIATE 
  PCTFREE 10 PCTUSED 40 INITRANS 1 MAXTRANS 255 
 NOCOMPRESS LOGGING
  STORAGE(INITIAL 65536 NEXT 1048576 MINEXTENTS 1 MAXEXTENTS 2147483645
  PCTINCREASE 0 FREELISTS 1 FREELIST GROUPS 1
  BUFFER_POOL DEFAULT FLASH_CACHE DEFAULT CELL_FLASH_CACHE DEFAULT)
  TABLESPACE "USERS" ;
--------------------------------------------------------
--  DDL for Table REPORT
--------------------------------------------------------

  CREATE TABLE "LIVELOG"."REPORT" 
   (	"REPORT_ID" NUMBER GENERATED BY DEFAULT AS IDENTITY MINVALUE 1 MAXVALUE 9999999999999999999999999999 INCREMENT BY 1 START WITH 1 CACHE 20 NOORDER  NOCYCLE  NOKEEP  NOSCALE , 
	"REPORTER_ID" NUMBER, 
	"TARGET_POST_ID" NUMBER, 
	"REASON" VARCHAR2(500 BYTE), 
	"STATUS" VARCHAR2(20 BYTE) DEFAULT 'PENDING', 
	"CREATED_AT" TIMESTAMP (6) DEFAULT CURRENT_TIMESTAMP, 
	"PROCESSED_AT" TIMESTAMP (6), 
	"ADMIN_ID" NUMBER, 
	"ADMIN_MEMO" VARCHAR2(500 BYTE)
   ) SEGMENT CREATION DEFERRED 
  PCTFREE 10 PCTUSED 40 INITRANS 1 MAXTRANS 255 
 NOCOMPRESS LOGGING
  TABLESPACE "USERS" ;
--------------------------------------------------------
--  DDL for Table REPOST
--------------------------------------------------------

  CREATE TABLE "LIVELOG"."REPOST" 
   (	"REPOST_ID" NUMBER GENERATED BY DEFAULT AS IDENTITY MINVALUE 1 MAXVALUE 9999999999999999999999999999 INCREMENT BY 1 START WITH 1 CACHE 20 NOORDER  NOCYCLE  NOKEEP  NOSCALE , 
	"USER_ID" NUMBER, 
	"POST_ID" NUMBER, 
	"CREATED_AT" TIMESTAMP (6) DEFAULT CURRENT_TIMESTAMP
   ) SEGMENT CREATION IMMEDIATE 
  PCTFREE 10 PCTUSED 40 INITRANS 1 MAXTRANS 255 
 NOCOMPRESS LOGGING
  STORAGE(INITIAL 65536 NEXT 1048576 MINEXTENTS 1 MAXEXTENTS 2147483645
  PCTINCREASE 0 FREELISTS 1 FREELIST GROUPS 1
  BUFFER_POOL DEFAULT FLASH_CACHE DEFAULT CELL_FLASH_CACHE DEFAULT)
  TABLESPACE "USERS" ;
--------------------------------------------------------
--  DDL for Table TREND_KEYWORD
--------------------------------------------------------

  CREATE TABLE "LIVELOG"."TREND_KEYWORD" 
   (	"KEYWORD_ID" NUMBER GENERATED BY DEFAULT AS IDENTITY MINVALUE 1 MAXVALUE 9999999999999999999999999999 INCREMENT BY 1 START WITH 1 CACHE 20 NOORDER  NOCYCLE  NOKEEP  NOSCALE , 
	"KEYWORD" VARCHAR2(100 BYTE), 
	"MENTION_COUNT" NUMBER DEFAULT 1, 
	"UPDATED_AT" TIMESTAMP (6) DEFAULT CURRENT_TIMESTAMP
   ) SEGMENT CREATION DEFERRED 
  PCTFREE 10 PCTUSED 40 INITRANS 1 MAXTRANS 255 
 NOCOMPRESS LOGGING
  TABLESPACE "USERS" ;
--------------------------------------------------------
--  DDL for Table USER_BLOCK
--------------------------------------------------------

  CREATE TABLE "LIVELOG"."USER_BLOCK" 
   (	"BLOCK_ID" NUMBER GENERATED BY DEFAULT AS IDENTITY MINVALUE 1 MAXVALUE 9999999999999999999999999999 INCREMENT BY 1 START WITH 1 CACHE 20 NOORDER  NOCYCLE  NOKEEP  NOSCALE , 
	"BLOCKER_ID" NUMBER, 
	"BLOCKED_ID" NUMBER, 
	"CREATED_AT" TIMESTAMP (6) DEFAULT CURRENT_TIMESTAMP
   ) SEGMENT CREATION DEFERRED 
  PCTFREE 10 PCTUSED 40 INITRANS 1 MAXTRANS 255 
 NOCOMPRESS LOGGING
  TABLESPACE "USERS" ;
--------------------------------------------------------
--  DDL for Table USER_CATEGORY
--------------------------------------------------------

  CREATE TABLE "LIVELOG"."USER_CATEGORY" 
   (	"USER_ID" NUMBER, 
	"CATEGORY_ID" NUMBER
   ) SEGMENT CREATION IMMEDIATE 
  PCTFREE 10 PCTUSED 40 INITRANS 1 MAXTRANS 255 
 NOCOMPRESS LOGGING
  STORAGE(INITIAL 65536 NEXT 1048576 MINEXTENTS 1 MAXEXTENTS 2147483645
  PCTINCREASE 0 FREELISTS 1 FREELIST GROUPS 1
  BUFFER_POOL DEFAULT FLASH_CACHE DEFAULT CELL_FLASH_CACHE DEFAULT)
  TABLESPACE "USERS" ;
--------------------------------------------------------
--  DDL for Table USERS
--------------------------------------------------------

  CREATE TABLE "LIVELOG"."USERS" 
   (	"USER_ID" NUMBER GENERATED BY DEFAULT AS IDENTITY MINVALUE 1 MAXVALUE 9999999999999999999999999999 INCREMENT BY 1 START WITH 1 CACHE 20 NOORDER  NOCYCLE  NOKEEP  NOSCALE , 
	"USERNAME" VARCHAR2(50 BYTE), 
	"PASSWORD_HASH" VARCHAR2(255 BYTE), 
	"EMAIL" VARCHAR2(100 BYTE), 
	"CREATED_AT" TIMESTAMP (6) DEFAULT CURRENT_TIMESTAMP, 
	"UPDATED_AT" TIMESTAMP (6) DEFAULT CURRENT_TIMESTAMP, 
	"EMAIL_VERIFIED" NUMBER(1,0) DEFAULT 0, 
	"EMAIL_VERIFY_TOKEN_HASH" VARCHAR2(255 BYTE), 
	"EMAIL_VERIFY_EXPIRES_AT" TIMESTAMP (6), 
	"NICKNAME" VARCHAR2(50 BYTE), 
	"DISCRIMINATOR" VARCHAR2(4 BYTE), 
	"SPOILER_FILTER" NUMBER(1,0) DEFAULT 1, 
	"BIO" VARCHAR2(500 BYTE), 
	"PROFILE_IMAGE_URL" VARCHAR2(500 BYTE), 
	"BANNER_IMAGE_URL" VARCHAR2(500 BYTE), 
	"ROLE" VARCHAR2(20 BYTE) DEFAULT 'USER'
   ) SEGMENT CREATION IMMEDIATE 
  PCTFREE 10 PCTUSED 40 INITRANS 1 MAXTRANS 255 
 NOCOMPRESS LOGGING
  STORAGE(INITIAL 65536 NEXT 1048576 MINEXTENTS 1 MAXEXTENTS 2147483645
  PCTINCREASE 0 FREELISTS 1 FREELIST GROUPS 1
  BUFFER_POOL DEFAULT FLASH_CACHE DEFAULT CELL_FLASH_CACHE DEFAULT)
  TABLESPACE "USERS" ;
--------------------------------------------------------
--  DDL for Table WORKS
--------------------------------------------------------

  CREATE TABLE "LIVELOG"."WORKS" 
   (	"WORK_ID" NUMBER GENERATED BY DEFAULT AS IDENTITY MINVALUE 1 MAXVALUE 9999999999999999999999999999 INCREMENT BY 1 START WITH 1 CACHE 20 NOORDER  NOCYCLE  NOKEEP  NOSCALE , 
	"CATEGORY_ID" NUMBER, 
	"TITLE" VARCHAR2(255 BYTE), 
	"ALIAS" VARCHAR2(255 BYTE), 
	"CREATED_AT" TIMESTAMP (6) DEFAULT CURRENT_TIMESTAMP, 
	"UPDATED_AT" TIMESTAMP (6) DEFAULT CURRENT_TIMESTAMP
   ) SEGMENT CREATION IMMEDIATE 
  PCTFREE 10 PCTUSED 40 INITRANS 1 MAXTRANS 255 
 NOCOMPRESS LOGGING
  STORAGE(INITIAL 65536 NEXT 1048576 MINEXTENTS 1 MAXEXTENTS 2147483645
  PCTINCREASE 0 FREELISTS 1 FREELIST GROUPS 1
  BUFFER_POOL DEFAULT FLASH_CACHE DEFAULT CELL_FLASH_CACHE DEFAULT)
  TABLESPACE "USERS" ;
REM INSERTING into LIVELOG.AD_CLICK
SET DEFINE OFF;
REM INSERTING into LIVELOG.AD_IMPRESSION
SET DEFINE OFF;
REM INSERTING into LIVELOG.ADS
SET DEFINE OFF;
REM INSERTING into LIVELOG.AI_ANALYSIS_LOG
SET DEFINE OFF;
REM INSERTING into LIVELOG.CATEGORY
SET DEFINE OFF;
Insert into LIVELOG.CATEGORY (CATEGORY_ID,NAME) values (1,'영화');
Insert into LIVELOG.CATEGORY (CATEGORY_ID,NAME) values (2,'드라마');
Insert into LIVELOG.CATEGORY (CATEGORY_ID,NAME) values (3,'소설');
Insert into LIVELOG.CATEGORY (CATEGORY_ID,NAME) values (4,'웹툰');
Insert into LIVELOG.CATEGORY (CATEGORY_ID,NAME) values (5,'만화');
Insert into LIVELOG.CATEGORY (CATEGORY_ID,NAME) values (6,'애니메이션');
Insert into LIVELOG.CATEGORY (CATEGORY_ID,NAME) values (7,'공연');
Insert into LIVELOG.CATEGORY (CATEGORY_ID,NAME) values (8,'게임');
REM INSERTING into LIVELOG.DM
SET DEFINE OFF;
REM INSERTING into LIVELOG.FOLLOWS
SET DEFINE OFF;
REM INSERTING into LIVELOG.NOTICE
SET DEFINE OFF;
REM INSERTING into LIVELOG.POST_BOOKMARK
SET DEFINE OFF;
Insert into LIVELOG.POST_BOOKMARK (BOOKMARK_ID,USER_ID,POST_ID,CREATED_AT) values (2,6,5,to_timestamp('26/06/04 09:33:06.441000000','RR/MM/DD HH24:MI:SSXFF'));
Insert into LIVELOG.POST_BOOKMARK (BOOKMARK_ID,USER_ID,POST_ID,CREATED_AT) values (1,6,1,to_timestamp('26/06/02 17:28:01.641000000','RR/MM/DD HH24:MI:SSXFF'));
REM INSERTING into LIVELOG.POST_LIKE
SET DEFINE OFF;
Insert into LIVELOG.POST_LIKE (LIKE_ID,USER_ID,POST_ID,CREATED_AT) values (5,6,5,to_timestamp('26/06/04 09:25:39.892000000','RR/MM/DD HH24:MI:SSXFF'));
REM INSERTING into LIVELOG.POST_MEDIA
SET DEFINE OFF;
Insert into LIVELOG.POST_MEDIA (MEDIA_ID,POST_ID,FILE_PATH,FILE_NAME,ORIGIN_NAME,FILE_SIZE,FILE_EXT,MIME_TYPE,MEDIA_TYPE,ORDER_IDX,CREATED_AT) values (1,6,'/uploads/posts/1780561157231-840607493.png','1780561157231-840607493.png','ì¤í¬ë¦°ì·(19).png',1881571,'png','image/png','IMAGE',1,to_timestamp('26/06/04 17:19:17.265000000','RR/MM/DD HH24:MI:SSXFF'));
Insert into LIVELOG.POST_MEDIA (MEDIA_ID,POST_ID,FILE_PATH,FILE_NAME,ORIGIN_NAME,FILE_SIZE,FILE_EXT,MIME_TYPE,MEDIA_TYPE,ORDER_IDX,CREATED_AT) values (3,8,'/uploads/posts/1780645744014-430949036.png','1780645744014-430949036.png','레전드어이x.png',9011,'png','image/png','IMAGE',1,to_timestamp('26/06/05 16:49:04.032000000','RR/MM/DD HH24:MI:SSXFF'));
Insert into LIVELOG.POST_MEDIA (MEDIA_ID,POST_ID,FILE_PATH,FILE_NAME,ORIGIN_NAME,FILE_SIZE,FILE_EXT,MIME_TYPE,MEDIA_TYPE,ORDER_IDX,CREATED_AT) values (4,9,'/uploads/posts/1780645815769-878338164.png','1780645815769-878338164.png','개추.png',7433,'png','image/png','IMAGE',1,to_timestamp('26/06/05 16:50:15.773000000','RR/MM/DD HH24:MI:SSXFF'));
Insert into LIVELOG.POST_MEDIA (MEDIA_ID,POST_ID,FILE_PATH,FILE_NAME,ORIGIN_NAME,FILE_SIZE,FILE_EXT,MIME_TYPE,MEDIA_TYPE,ORDER_IDX,CREATED_AT) values (5,10,'/uploads/posts/1780645857720-125906906.png','1780645857720-125906906.png','듀....png',9789,'png','image/png','IMAGE',1,to_timestamp('26/06/05 16:50:57.723000000','RR/MM/DD HH24:MI:SSXFF'));
Insert into LIVELOG.POST_MEDIA (MEDIA_ID,POST_ID,FILE_PATH,FILE_NAME,ORIGIN_NAME,FILE_SIZE,FILE_EXT,MIME_TYPE,MEDIA_TYPE,ORDER_IDX,CREATED_AT) values (2,7,'/uploads/posts/1780619142018-921217691.gif','1780619142018-921217691.gif','ë¯¹êµ¬ëë.gif',79995,'gif','image/gif','IMAGE',1,to_timestamp('26/06/05 09:25:42.037000000','RR/MM/DD HH24:MI:SSXFF'));
REM INSERTING into LIVELOG.POST_TAG
SET DEFINE OFF;
Insert into LIVELOG.POST_TAG (POST_ID,TAG) values (1,'그럴수도있지');
REM INSERTING into LIVELOG.POSTS
SET DEFINE OFF;
Insert into LIVELOG.POSTS (POST_ID,USER_ID,WORK_ID,RAW_TITLE,PROGRESS,CONTENT,IS_SPOILER,PARENT_POST_ID,QUOTE_POST_ID,CREATED_AT,UPDATED_AT,IS_DELETED,DELETED_AT) values (6,6,1,'헌터x헌터','4기 21화','ㅇㅇ',0,null,1,to_timestamp('26/06/04 17:19:17.258000000','RR/MM/DD HH24:MI:SSXFF'),to_timestamp('26/06/04 17:19:17.258000000','RR/MM/DD HH24:MI:SSXFF'),0,null);
Insert into LIVELOG.POSTS (POST_ID,USER_ID,WORK_ID,RAW_TITLE,PROGRESS,CONTENT,IS_SPOILER,PARENT_POST_ID,QUOTE_POST_ID,CREATED_AT,UPDATED_AT,IS_DELETED,DELETED_AT) values (3,6,1,'헌터x헌터','4기 21화','이건또뭐임',0,null,1,to_timestamp('26/06/02 17:39:40.050000000','RR/MM/DD HH24:MI:SSXFF'),to_timestamp('26/06/02 17:39:40.050000000','RR/MM/DD HH24:MI:SSXFF'),0,null);
Insert into LIVELOG.POSTS (POST_ID,USER_ID,WORK_ID,RAW_TITLE,PROGRESS,CONTENT,IS_SPOILER,PARENT_POST_ID,QUOTE_POST_ID,CREATED_AT,UPDATED_AT,IS_DELETED,DELETED_AT) values (8,6,1,'헌터x헌터','4기 21화',' ',0,null,3,to_timestamp('26/06/05 16:49:04.028000000','RR/MM/DD HH24:MI:SSXFF'),to_timestamp('26/06/05 16:49:04.028000000','RR/MM/DD HH24:MI:SSXFF'),0,null);
Insert into LIVELOG.POSTS (POST_ID,USER_ID,WORK_ID,RAW_TITLE,PROGRESS,CONTENT,IS_SPOILER,PARENT_POST_ID,QUOTE_POST_ID,CREATED_AT,UPDATED_AT,IS_DELETED,DELETED_AT) values (9,6,1,'헌터x헌터','4기 21화',' ',0,null,8,to_timestamp('26/06/05 16:50:15.772000000','RR/MM/DD HH24:MI:SSXFF'),to_timestamp('26/06/05 16:50:15.772000000','RR/MM/DD HH24:MI:SSXFF'),0,null);
Insert into LIVELOG.POSTS (POST_ID,USER_ID,WORK_ID,RAW_TITLE,PROGRESS,CONTENT,IS_SPOILER,PARENT_POST_ID,QUOTE_POST_ID,CREATED_AT,UPDATED_AT,IS_DELETED,DELETED_AT) values (10,6,1,'헌터x헌터','4기 21화',' ',0,null,7,to_timestamp('26/06/05 16:50:57.722000000','RR/MM/DD HH24:MI:SSXFF'),to_timestamp('26/06/05 16:50:57.722000000','RR/MM/DD HH24:MI:SSXFF'),0,null);
Insert into LIVELOG.POSTS (POST_ID,USER_ID,WORK_ID,RAW_TITLE,PROGRESS,CONTENT,IS_SPOILER,PARENT_POST_ID,QUOTE_POST_ID,CREATED_AT,UPDATED_AT,IS_DELETED,DELETED_AT) values (1,6,1,'헌터x헌터','4기 21화','인간의 baby...!

#그럴수도있지',0,null,null,to_timestamp('26/06/02 14:48:01.353000000','RR/MM/DD HH24:MI:SSXFF'),to_timestamp('26/06/02 14:48:01.353000000','RR/MM/DD HH24:MI:SSXFF'),0,null);
Insert into LIVELOG.POSTS (POST_ID,USER_ID,WORK_ID,RAW_TITLE,PROGRESS,CONTENT,IS_SPOILER,PARENT_POST_ID,QUOTE_POST_ID,CREATED_AT,UPDATED_AT,IS_DELETED,DELETED_AT) values (2,6,1,null,'4기 21화','ㅇㅇ',0,1,null,to_timestamp('26/06/02 17:10:05.787000000','RR/MM/DD HH24:MI:SSXFF'),to_timestamp('26/06/02 17:10:05.787000000','RR/MM/DD HH24:MI:SSXFF'),0,null);
Insert into LIVELOG.POSTS (POST_ID,USER_ID,WORK_ID,RAW_TITLE,PROGRESS,CONTENT,IS_SPOILER,PARENT_POST_ID,QUOTE_POST_ID,CREATED_AT,UPDATED_AT,IS_DELETED,DELETED_AT) values (4,6,1,'헌터x헌터','4기 21화','듀...',0,null,1,to_timestamp('26/06/02 17:40:25.277000000','RR/MM/DD HH24:MI:SSXFF'),to_timestamp('26/06/02 17:40:25.277000000','RR/MM/DD HH24:MI:SSXFF'),0,null);
Insert into LIVELOG.POSTS (POST_ID,USER_ID,WORK_ID,RAW_TITLE,PROGRESS,CONTENT,IS_SPOILER,PARENT_POST_ID,QUOTE_POST_ID,CREATED_AT,UPDATED_AT,IS_DELETED,DELETED_AT) values (5,6,1,'헌터x헌터','4기 21화','그뭐시다냐거뭐냐그거',0,null,4,to_timestamp('26/06/02 17:44:22.612000000','RR/MM/DD HH24:MI:SSXFF'),to_timestamp('26/06/02 17:44:22.612000000','RR/MM/DD HH24:MI:SSXFF'),0,null);
Insert into LIVELOG.POSTS (POST_ID,USER_ID,WORK_ID,RAW_TITLE,PROGRESS,CONTENT,IS_SPOILER,PARENT_POST_ID,QUOTE_POST_ID,CREATED_AT,UPDATED_AT,IS_DELETED,DELETED_AT) values (7,6,1,'헌터x헌터','4기 21화','되냐안되냐',0,null,6,to_timestamp('26/06/05 09:25:42.034000000','RR/MM/DD HH24:MI:SSXFF'),to_timestamp('26/06/05 09:25:42.034000000','RR/MM/DD HH24:MI:SSXFF'),0,null);
REM INSERTING into LIVELOG.REPORT
SET DEFINE OFF;
REM INSERTING into LIVELOG.REPOST
SET DEFINE OFF;
Insert into LIVELOG.REPOST (REPOST_ID,USER_ID,POST_ID,CREATED_AT) values (7,6,6,to_timestamp('26/06/05 09:36:21.466000000','RR/MM/DD HH24:MI:SSXFF'));
Insert into LIVELOG.REPOST (REPOST_ID,USER_ID,POST_ID,CREATED_AT) values (8,6,7,to_timestamp('26/06/05 09:36:34.803000000','RR/MM/DD HH24:MI:SSXFF'));
Insert into LIVELOG.REPOST (REPOST_ID,USER_ID,POST_ID,CREATED_AT) values (11,6,3,to_timestamp('26/06/05 10:11:59.299000000','RR/MM/DD HH24:MI:SSXFF'));
REM INSERTING into LIVELOG.TREND_KEYWORD
SET DEFINE OFF;
REM INSERTING into LIVELOG.USER_BLOCK
SET DEFINE OFF;
REM INSERTING into LIVELOG.USER_CATEGORY
SET DEFINE OFF;
Insert into LIVELOG.USER_CATEGORY (USER_ID,CATEGORY_ID) values (6,3);
Insert into LIVELOG.USER_CATEGORY (USER_ID,CATEGORY_ID) values (6,5);
Insert into LIVELOG.USER_CATEGORY (USER_ID,CATEGORY_ID) values (6,6);
Insert into LIVELOG.USER_CATEGORY (USER_ID,CATEGORY_ID) values (6,8);
REM INSERTING into LIVELOG.USERS
SET DEFINE OFF;
Insert into LIVELOG.USERS (USER_ID,USERNAME,PASSWORD_HASH,EMAIL,CREATED_AT,UPDATED_AT,EMAIL_VERIFIED,EMAIL_VERIFY_TOKEN_HASH,EMAIL_VERIFY_EXPIRES_AT,NICKNAME,DISCRIMINATOR,SPOILER_FILTER,BIO,PROFILE_IMAGE_URL,BANNER_IMAGE_URL,ROLE) values (21,'admin','$2b$10$qRp1yVM/3mHObLkOhh9TBuxvCZVTew4OCaTk1C3RF7gTvcwGYijkC','test1234@example.com',to_timestamp('26/06/05 16:02:43.567000000','RR/MM/DD HH24:MI:SSXFF'),to_timestamp('26/06/05 16:03:13.749000000','RR/MM/DD HH24:MI:SSXFF'),1,null,null,'관리자','8486',1,null,null,null,'ADMIN');
Insert into LIVELOG.USERS (USER_ID,USERNAME,PASSWORD_HASH,EMAIL,CREATED_AT,UPDATED_AT,EMAIL_VERIFIED,EMAIL_VERIFY_TOKEN_HASH,EMAIL_VERIFY_EXPIRES_AT,NICKNAME,DISCRIMINATOR,SPOILER_FILTER,BIO,PROFILE_IMAGE_URL,BANNER_IMAGE_URL,ROLE) values (6,'kiryto0912','$2b$10$T1dEip5C/JQEnqn597go.ueBElay0BGGSOdfbSU6TQ5ih6i.nY6Vy','kiryto0912@gmail.com',to_timestamp('26/05/29 16:30:48.308000000','RR/MM/DD HH24:MI:SSXFF'),to_timestamp('26/06/05 17:02:16.918000000','RR/MM/DD HH24:MI:SSXFF'),1,null,null,'Medo','5306',1,null,'/uploads/users/1780646536912-700178916.png',null,'USER');
Insert into LIVELOG.USERS (USER_ID,USERNAME,PASSWORD_HASH,EMAIL,CREATED_AT,UPDATED_AT,EMAIL_VERIFIED,EMAIL_VERIFY_TOKEN_HASH,EMAIL_VERIFY_EXPIRES_AT,NICKNAME,DISCRIMINATOR,SPOILER_FILTER,BIO,PROFILE_IMAGE_URL,BANNER_IMAGE_URL,ROLE) values (5,'test01','$2b$10$pqic9NylCo5jTAifUcpWDufSo/4adYuyeqh1P4mCmZZVRdbH3KkZm','kiryto0912@naver.com',to_timestamp('26/05/29 16:16:31.483000000','RR/MM/DD HH24:MI:SSXFF'),to_timestamp('26/05/29 16:30:40.866000000','RR/MM/DD HH24:MI:SSXFF'),1,null,null,'그럴수도있지임마','5095',1,null,null,null,'USER');
REM INSERTING into LIVELOG.WORKS
SET DEFINE OFF;
Insert into LIVELOG.WORKS (WORK_ID,CATEGORY_ID,TITLE,ALIAS,CREATED_AT,UPDATED_AT) values (1,6,'헌터x헌터',null,to_timestamp('26/06/02 14:48:01.340000000','RR/MM/DD HH24:MI:SSXFF'),to_timestamp('26/06/02 14:48:01.340000000','RR/MM/DD HH24:MI:SSXFF'));
--------------------------------------------------------
--  DDL for Index SYS_C008542
--------------------------------------------------------

  CREATE UNIQUE INDEX "LIVELOG"."SYS_C008542" ON "LIVELOG"."AD_CLICK" ("CLICK_ID") 
  PCTFREE 10 INITRANS 2 MAXTRANS 255 
  TABLESPACE "USERS" ;
--------------------------------------------------------
--  DDL for Index SYS_C008535
--------------------------------------------------------

  CREATE UNIQUE INDEX "LIVELOG"."SYS_C008535" ON "LIVELOG"."AD_IMPRESSION" ("IMPRESSION_ID") 
  PCTFREE 10 INITRANS 2 MAXTRANS 255 
  TABLESPACE "USERS" ;
--------------------------------------------------------
--  DDL for Index SYS_C008419
--------------------------------------------------------

  CREATE UNIQUE INDEX "LIVELOG"."SYS_C008419" ON "LIVELOG"."ADS" ("AD_ID") 
  PCTFREE 10 INITRANS 2 MAXTRANS 255 
  TABLESPACE "USERS" ;
--------------------------------------------------------
--  DDL for Index SYS_C008530
--------------------------------------------------------

  CREATE UNIQUE INDEX "LIVELOG"."SYS_C008530" ON "LIVELOG"."AI_ANALYSIS_LOG" ("ANALYSIS_ID") 
  PCTFREE 10 INITRANS 2 MAXTRANS 255 
  TABLESPACE "USERS" ;
--------------------------------------------------------
--  DDL for Index SYS_C008552
--------------------------------------------------------

  CREATE UNIQUE INDEX "LIVELOG"."SYS_C008552" ON "LIVELOG"."CATEGORY" ("CATEGORY_ID") 
  PCTFREE 10 INITRANS 2 MAXTRANS 255 
  STORAGE(INITIAL 65536 NEXT 1048576 MINEXTENTS 1 MAXEXTENTS 2147483645
  PCTINCREASE 0 FREELISTS 1 FREELIST GROUPS 1
  BUFFER_POOL DEFAULT FLASH_CACHE DEFAULT CELL_FLASH_CACHE DEFAULT)
  TABLESPACE "USERS" ;
--------------------------------------------------------
--  DDL for Index UK_CATEGORY_NAME
--------------------------------------------------------

  CREATE UNIQUE INDEX "LIVELOG"."UK_CATEGORY_NAME" ON "LIVELOG"."CATEGORY" ("NAME") 
  PCTFREE 10 INITRANS 2 MAXTRANS 255 
  STORAGE(INITIAL 65536 NEXT 1048576 MINEXTENTS 1 MAXEXTENTS 2147483645
  PCTINCREASE 0 FREELISTS 1 FREELIST GROUPS 1
  BUFFER_POOL DEFAULT FLASH_CACHE DEFAULT CELL_FLASH_CACHE DEFAULT)
  TABLESPACE "USERS" ;
--------------------------------------------------------
--  DDL for Index IDX_DM_RECEIVER_READ
--------------------------------------------------------

  CREATE INDEX "LIVELOG"."IDX_DM_RECEIVER_READ" ON "LIVELOG"."DM" ("RECEIVER_ID", "IS_READ", "CREATED_AT" DESC) 
  PCTFREE 10 INITRANS 2 MAXTRANS 255 COMPUTE STATISTICS 
  TABLESPACE "USERS" ;
--------------------------------------------------------
--  DDL for Index SYS_C008480
--------------------------------------------------------

  CREATE UNIQUE INDEX "LIVELOG"."SYS_C008480" ON "LIVELOG"."DM" ("MESSAGE_ID") 
  PCTFREE 10 INITRANS 2 MAXTRANS 255 
  TABLESPACE "USERS" ;
--------------------------------------------------------
--  DDL for Index IDX_FOLLOWS_FOLLOWING
--------------------------------------------------------

  CREATE INDEX "LIVELOG"."IDX_FOLLOWS_FOLLOWING" ON "LIVELOG"."FOLLOWS" ("FOLLOWING_ID") 
  PCTFREE 10 INITRANS 2 MAXTRANS 255 COMPUTE STATISTICS 
  TABLESPACE "USERS" ;
--------------------------------------------------------
--  DDL for Index SYS_C008469
--------------------------------------------------------

  CREATE UNIQUE INDEX "LIVELOG"."SYS_C008469" ON "LIVELOG"."FOLLOWS" ("FOLLOW_ID") 
  PCTFREE 10 INITRANS 2 MAXTRANS 255 
  TABLESPACE "USERS" ;
--------------------------------------------------------
--  DDL for Index UK_FOLLOWS_PAIR
--------------------------------------------------------

  CREATE UNIQUE INDEX "LIVELOG"."UK_FOLLOWS_PAIR" ON "LIVELOG"."FOLLOWS" ("FOLLOWER_ID", "FOLLOWING_ID") 
  PCTFREE 10 INITRANS 2 MAXTRANS 255 
  TABLESPACE "USERS" ;
--------------------------------------------------------
--  DDL for Index IDX_NOTICE_RECEIVER_READ
--------------------------------------------------------

  CREATE INDEX "LIVELOG"."IDX_NOTICE_RECEIVER_READ" ON "LIVELOG"."NOTICE" ("RECEIVER_ID", "IS_READ", "CREATED_AT" DESC) 
  PCTFREE 10 INITRANS 2 MAXTRANS 255 COMPUTE STATISTICS 
  TABLESPACE "USERS" ;
--------------------------------------------------------
--  DDL for Index SYS_C008505
--------------------------------------------------------

  CREATE UNIQUE INDEX "LIVELOG"."SYS_C008505" ON "LIVELOG"."NOTICE" ("NOTIFICATION_ID") 
  PCTFREE 10 INITRANS 2 MAXTRANS 255 
  TABLESPACE "USERS" ;
--------------------------------------------------------
--  DDL for Index SYS_C008569
--------------------------------------------------------

  CREATE UNIQUE INDEX "LIVELOG"."SYS_C008569" ON "LIVELOG"."POST_BOOKMARK" ("BOOKMARK_ID") 
  PCTFREE 10 INITRANS 2 MAXTRANS 255 
  STORAGE(INITIAL 65536 NEXT 1048576 MINEXTENTS 1 MAXEXTENTS 2147483645
  PCTINCREASE 0 FREELISTS 1 FREELIST GROUPS 1
  BUFFER_POOL DEFAULT FLASH_CACHE DEFAULT CELL_FLASH_CACHE DEFAULT)
  TABLESPACE "USERS" ;
--------------------------------------------------------
--  DDL for Index UK_POST_BOOKMARK_USER_POST
--------------------------------------------------------

  CREATE UNIQUE INDEX "LIVELOG"."UK_POST_BOOKMARK_USER_POST" ON "LIVELOG"."POST_BOOKMARK" ("USER_ID", "POST_ID") 
  PCTFREE 10 INITRANS 2 MAXTRANS 255 
  STORAGE(INITIAL 65536 NEXT 1048576 MINEXTENTS 1 MAXEXTENTS 2147483645
  PCTINCREASE 0 FREELISTS 1 FREELIST GROUPS 1
  BUFFER_POOL DEFAULT FLASH_CACHE DEFAULT CELL_FLASH_CACHE DEFAULT)
  TABLESPACE "USERS" ;
--------------------------------------------------------
--  DDL for Index IDX_POST_BOOKMARK_USER_CREATED
--------------------------------------------------------

  CREATE INDEX "LIVELOG"."IDX_POST_BOOKMARK_USER_CREATED" ON "LIVELOG"."POST_BOOKMARK" ("USER_ID", "CREATED_AT" DESC) 
  PCTFREE 10 INITRANS 2 MAXTRANS 255 COMPUTE STATISTICS 
  STORAGE(INITIAL 65536 NEXT 1048576 MINEXTENTS 1 MAXEXTENTS 2147483645
  PCTINCREASE 0 FREELISTS 1 FREELIST GROUPS 1
  BUFFER_POOL DEFAULT FLASH_CACHE DEFAULT CELL_FLASH_CACHE DEFAULT)
  TABLESPACE "USERS" ;
--------------------------------------------------------
--  DDL for Index IDX_POST_BOOKMARK_POST
--------------------------------------------------------

  CREATE INDEX "LIVELOG"."IDX_POST_BOOKMARK_POST" ON "LIVELOG"."POST_BOOKMARK" ("POST_ID") 
  PCTFREE 10 INITRANS 2 MAXTRANS 255 COMPUTE STATISTICS 
  STORAGE(INITIAL 65536 NEXT 1048576 MINEXTENTS 1 MAXEXTENTS 2147483645
  PCTINCREASE 0 FREELISTS 1 FREELIST GROUPS 1
  BUFFER_POOL DEFAULT FLASH_CACHE DEFAULT CELL_FLASH_CACHE DEFAULT)
  TABLESPACE "USERS" ;
--------------------------------------------------------
--  DDL for Index SYS_C008487
--------------------------------------------------------

  CREATE UNIQUE INDEX "LIVELOG"."SYS_C008487" ON "LIVELOG"."POST_LIKE" ("LIKE_ID") 
  PCTFREE 10 INITRANS 2 MAXTRANS 255 
  STORAGE(INITIAL 65536 NEXT 1048576 MINEXTENTS 1 MAXEXTENTS 2147483645
  PCTINCREASE 0 FREELISTS 1 FREELIST GROUPS 1
  BUFFER_POOL DEFAULT FLASH_CACHE DEFAULT CELL_FLASH_CACHE DEFAULT)
  TABLESPACE "USERS" ;
--------------------------------------------------------
--  DDL for Index UK_POST_LIKE_USER_POST
--------------------------------------------------------

  CREATE UNIQUE INDEX "LIVELOG"."UK_POST_LIKE_USER_POST" ON "LIVELOG"."POST_LIKE" ("USER_ID", "POST_ID") 
  PCTFREE 10 INITRANS 2 MAXTRANS 255 
  STORAGE(INITIAL 65536 NEXT 1048576 MINEXTENTS 1 MAXEXTENTS 2147483645
  PCTINCREASE 0 FREELISTS 1 FREELIST GROUPS 1
  BUFFER_POOL DEFAULT FLASH_CACHE DEFAULT CELL_FLASH_CACHE DEFAULT)
  TABLESPACE "USERS" ;
--------------------------------------------------------
--  DDL for Index SYS_C008586
--------------------------------------------------------

  CREATE UNIQUE INDEX "LIVELOG"."SYS_C008586" ON "LIVELOG"."POST_MEDIA" ("MEDIA_ID") 
  PCTFREE 10 INITRANS 2 MAXTRANS 255 
  STORAGE(INITIAL 65536 NEXT 1048576 MINEXTENTS 1 MAXEXTENTS 2147483645
  PCTINCREASE 0 FREELISTS 1 FREELIST GROUPS 1
  BUFFER_POOL DEFAULT FLASH_CACHE DEFAULT CELL_FLASH_CACHE DEFAULT)
  TABLESPACE "USERS" ;
--------------------------------------------------------
--  DDL for Index IDX_POST_MEDIA_POST_ORDER
--------------------------------------------------------

  CREATE INDEX "LIVELOG"."IDX_POST_MEDIA_POST_ORDER" ON "LIVELOG"."POST_MEDIA" ("POST_ID", "ORDER_IDX") 
  PCTFREE 10 INITRANS 2 MAXTRANS 255 COMPUTE STATISTICS 
  STORAGE(INITIAL 65536 NEXT 1048576 MINEXTENTS 1 MAXEXTENTS 2147483645
  PCTINCREASE 0 FREELISTS 1 FREELIST GROUPS 1
  BUFFER_POOL DEFAULT FLASH_CACHE DEFAULT CELL_FLASH_CACHE DEFAULT)
  TABLESPACE "USERS" ;
--------------------------------------------------------
--  DDL for Index IDX_POST_TAG_TAG
--------------------------------------------------------

  CREATE INDEX "LIVELOG"."IDX_POST_TAG_TAG" ON "LIVELOG"."POST_TAG" ("TAG", "POST_ID") 
  PCTFREE 10 INITRANS 2 MAXTRANS 255 COMPUTE STATISTICS 
  STORAGE(INITIAL 65536 NEXT 1048576 MINEXTENTS 1 MAXEXTENTS 2147483645
  PCTINCREASE 0 FREELISTS 1 FREELIST GROUPS 1
  BUFFER_POOL DEFAULT FLASH_CACHE DEFAULT CELL_FLASH_CACHE DEFAULT)
  TABLESPACE "USERS" ;
--------------------------------------------------------
--  DDL for Index SYS_C008462
--------------------------------------------------------

  CREATE UNIQUE INDEX "LIVELOG"."SYS_C008462" ON "LIVELOG"."POST_TAG" ("POST_ID", "TAG") 
  PCTFREE 10 INITRANS 2 MAXTRANS 255 
  STORAGE(INITIAL 65536 NEXT 1048576 MINEXTENTS 1 MAXEXTENTS 2147483645
  PCTINCREASE 0 FREELISTS 1 FREELIST GROUPS 1
  BUFFER_POOL DEFAULT FLASH_CACHE DEFAULT CELL_FLASH_CACHE DEFAULT)
  TABLESPACE "USERS" ;
--------------------------------------------------------
--  DDL for Index IDX_POSTS_USER_CREATED
--------------------------------------------------------

  CREATE INDEX "LIVELOG"."IDX_POSTS_USER_CREATED" ON "LIVELOG"."POSTS" ("USER_ID", "CREATED_AT" DESC) 
  PCTFREE 10 INITRANS 2 MAXTRANS 255 COMPUTE STATISTICS 
  STORAGE(INITIAL 65536 NEXT 1048576 MINEXTENTS 1 MAXEXTENTS 2147483645
  PCTINCREASE 0 FREELISTS 1 FREELIST GROUPS 1
  BUFFER_POOL DEFAULT FLASH_CACHE DEFAULT CELL_FLASH_CACHE DEFAULT)
  TABLESPACE "USERS" ;
--------------------------------------------------------
--  DDL for Index IDX_POSTS_CREATED
--------------------------------------------------------

  CREATE INDEX "LIVELOG"."IDX_POSTS_CREATED" ON "LIVELOG"."POSTS" ("CREATED_AT" DESC) 
  PCTFREE 10 INITRANS 2 MAXTRANS 255 COMPUTE STATISTICS 
  STORAGE(INITIAL 65536 NEXT 1048576 MINEXTENTS 1 MAXEXTENTS 2147483645
  PCTINCREASE 0 FREELISTS 1 FREELIST GROUPS 1
  BUFFER_POOL DEFAULT FLASH_CACHE DEFAULT CELL_FLASH_CACHE DEFAULT)
  TABLESPACE "USERS" ;
--------------------------------------------------------
--  DDL for Index IDX_POSTS_WORK_PROGRESS
--------------------------------------------------------

  CREATE INDEX "LIVELOG"."IDX_POSTS_WORK_PROGRESS" ON "LIVELOG"."POSTS" ("WORK_ID", "PROGRESS", "CREATED_AT" DESC) 
  PCTFREE 10 INITRANS 2 MAXTRANS 255 COMPUTE STATISTICS 
  STORAGE(INITIAL 65536 NEXT 1048576 MINEXTENTS 1 MAXEXTENTS 2147483645
  PCTINCREASE 0 FREELISTS 1 FREELIST GROUPS 1
  BUFFER_POOL DEFAULT FLASH_CACHE DEFAULT CELL_FLASH_CACHE DEFAULT)
  TABLESPACE "USERS" ;
--------------------------------------------------------
--  DDL for Index IDX_POSTS_IS_DELETED_CREATED
--------------------------------------------------------

  CREATE INDEX "LIVELOG"."IDX_POSTS_IS_DELETED_CREATED" ON "LIVELOG"."POSTS" ("IS_DELETED", "CREATED_AT" DESC) 
  PCTFREE 10 INITRANS 2 MAXTRANS 255 COMPUTE STATISTICS 
  STORAGE(INITIAL 65536 NEXT 1048576 MINEXTENTS 1 MAXEXTENTS 2147483645
  PCTINCREASE 0 FREELISTS 1 FREELIST GROUPS 1
  BUFFER_POOL DEFAULT FLASH_CACHE DEFAULT CELL_FLASH_CACHE DEFAULT)
  TABLESPACE "USERS" ;
--------------------------------------------------------
--  DDL for Index SYS_C008446
--------------------------------------------------------

  CREATE UNIQUE INDEX "LIVELOG"."SYS_C008446" ON "LIVELOG"."POSTS" ("POST_ID") 
  PCTFREE 10 INITRANS 2 MAXTRANS 255 
  STORAGE(INITIAL 65536 NEXT 1048576 MINEXTENTS 1 MAXEXTENTS 2147483645
  PCTINCREASE 0 FREELISTS 1 FREELIST GROUPS 1
  BUFFER_POOL DEFAULT FLASH_CACHE DEFAULT CELL_FLASH_CACHE DEFAULT)
  TABLESPACE "USERS" ;
--------------------------------------------------------
--  DDL for Index SYS_C008515
--------------------------------------------------------

  CREATE UNIQUE INDEX "LIVELOG"."SYS_C008515" ON "LIVELOG"."REPORT" ("REPORT_ID") 
  PCTFREE 10 INITRANS 2 MAXTRANS 255 
  TABLESPACE "USERS" ;
--------------------------------------------------------
--  DDL for Index UK_REPORT_USER_POST
--------------------------------------------------------

  CREATE UNIQUE INDEX "LIVELOG"."UK_REPORT_USER_POST" ON "LIVELOG"."REPORT" ("REPORTER_ID", "TARGET_POST_ID") 
  PCTFREE 10 INITRANS 2 MAXTRANS 255 
  TABLESPACE "USERS" ;
--------------------------------------------------------
--  DDL for Index SYS_C008495
--------------------------------------------------------

  CREATE UNIQUE INDEX "LIVELOG"."SYS_C008495" ON "LIVELOG"."REPOST" ("REPOST_ID") 
  PCTFREE 10 INITRANS 2 MAXTRANS 255 
  STORAGE(INITIAL 65536 NEXT 1048576 MINEXTENTS 1 MAXEXTENTS 2147483645
  PCTINCREASE 0 FREELISTS 1 FREELIST GROUPS 1
  BUFFER_POOL DEFAULT FLASH_CACHE DEFAULT CELL_FLASH_CACHE DEFAULT)
  TABLESPACE "USERS" ;
--------------------------------------------------------
--  DDL for Index UK_REPOST_USER_POST
--------------------------------------------------------

  CREATE UNIQUE INDEX "LIVELOG"."UK_REPOST_USER_POST" ON "LIVELOG"."REPOST" ("USER_ID", "POST_ID") 
  PCTFREE 10 INITRANS 2 MAXTRANS 255 
  STORAGE(INITIAL 65536 NEXT 1048576 MINEXTENTS 1 MAXEXTENTS 2147483645
  PCTINCREASE 0 FREELISTS 1 FREELIST GROUPS 1
  BUFFER_POOL DEFAULT FLASH_CACHE DEFAULT CELL_FLASH_CACHE DEFAULT)
  TABLESPACE "USERS" ;
--------------------------------------------------------
--  DDL for Index IDX_TREND_COUNT
--------------------------------------------------------

  CREATE INDEX "LIVELOG"."IDX_TREND_COUNT" ON "LIVELOG"."TREND_KEYWORD" ("MENTION_COUNT" DESC, "UPDATED_AT" DESC) 
  PCTFREE 10 INITRANS 2 MAXTRANS 255 COMPUTE STATISTICS 
  TABLESPACE "USERS" ;
--------------------------------------------------------
--  DDL for Index SYS_C008523
--------------------------------------------------------

  CREATE UNIQUE INDEX "LIVELOG"."SYS_C008523" ON "LIVELOG"."TREND_KEYWORD" ("KEYWORD_ID") 
  PCTFREE 10 INITRANS 2 MAXTRANS 255 
  TABLESPACE "USERS" ;
--------------------------------------------------------
--  DDL for Index UK_TREND_KEYWORD
--------------------------------------------------------

  CREATE UNIQUE INDEX "LIVELOG"."UK_TREND_KEYWORD" ON "LIVELOG"."TREND_KEYWORD" ("KEYWORD") 
  PCTFREE 10 INITRANS 2 MAXTRANS 255 
  TABLESPACE "USERS" ;
--------------------------------------------------------
--  DDL for Index SYS_C008561
--------------------------------------------------------

  CREATE UNIQUE INDEX "LIVELOG"."SYS_C008561" ON "LIVELOG"."USER_BLOCK" ("BLOCK_ID") 
  PCTFREE 10 INITRANS 2 MAXTRANS 255 
  TABLESPACE "USERS" ;
--------------------------------------------------------
--  DDL for Index UK_USER_BLOCK_PAIR
--------------------------------------------------------

  CREATE UNIQUE INDEX "LIVELOG"."UK_USER_BLOCK_PAIR" ON "LIVELOG"."USER_BLOCK" ("BLOCKER_ID", "BLOCKED_ID") 
  PCTFREE 10 INITRANS 2 MAXTRANS 255 
  TABLESPACE "USERS" ;
--------------------------------------------------------
--  DDL for Index IDX_USER_BLOCK_BLOCKED
--------------------------------------------------------

  CREATE INDEX "LIVELOG"."IDX_USER_BLOCK_BLOCKED" ON "LIVELOG"."USER_BLOCK" ("BLOCKED_ID") 
  PCTFREE 10 INITRANS 2 MAXTRANS 255 COMPUTE STATISTICS 
  TABLESPACE "USERS" ;
--------------------------------------------------------
--  DDL for Index SYS_C008432
--------------------------------------------------------

  CREATE UNIQUE INDEX "LIVELOG"."SYS_C008432" ON "LIVELOG"."USER_CATEGORY" ("USER_ID", "CATEGORY_ID") 
  PCTFREE 10 INITRANS 2 MAXTRANS 255 
  STORAGE(INITIAL 65536 NEXT 1048576 MINEXTENTS 1 MAXEXTENTS 2147483645
  PCTINCREASE 0 FREELISTS 1 FREELIST GROUPS 1
  BUFFER_POOL DEFAULT FLASH_CACHE DEFAULT CELL_FLASH_CACHE DEFAULT)
  TABLESPACE "USERS" ;
--------------------------------------------------------
--  DDL for Index UQ_NICKNAME_TAG
--------------------------------------------------------

  CREATE UNIQUE INDEX "LIVELOG"."UQ_NICKNAME_TAG" ON "LIVELOG"."USERS" ("NICKNAME", "DISCRIMINATOR") 
  PCTFREE 10 INITRANS 2 MAXTRANS 255 COMPUTE STATISTICS 
  STORAGE(INITIAL 65536 NEXT 1048576 MINEXTENTS 1 MAXEXTENTS 2147483645
  PCTINCREASE 0 FREELISTS 1 FREELIST GROUPS 1
  BUFFER_POOL DEFAULT FLASH_CACHE DEFAULT CELL_FLASH_CACHE DEFAULT)
  TABLESPACE "USERS" ;
--------------------------------------------------------
--  DDL for Index SYS_C008427
--------------------------------------------------------

  CREATE UNIQUE INDEX "LIVELOG"."SYS_C008427" ON "LIVELOG"."USERS" ("USER_ID") 
  PCTFREE 10 INITRANS 2 MAXTRANS 255 
  STORAGE(INITIAL 65536 NEXT 1048576 MINEXTENTS 1 MAXEXTENTS 2147483645
  PCTINCREASE 0 FREELISTS 1 FREELIST GROUPS 1
  BUFFER_POOL DEFAULT FLASH_CACHE DEFAULT CELL_FLASH_CACHE DEFAULT)
  TABLESPACE "USERS" ;
--------------------------------------------------------
--  DDL for Index UK_USERS_USERNAME
--------------------------------------------------------

  CREATE UNIQUE INDEX "LIVELOG"."UK_USERS_USERNAME" ON "LIVELOG"."USERS" ("USERNAME") 
  PCTFREE 10 INITRANS 2 MAXTRANS 255 
  STORAGE(INITIAL 65536 NEXT 1048576 MINEXTENTS 1 MAXEXTENTS 2147483645
  PCTINCREASE 0 FREELISTS 1 FREELIST GROUPS 1
  BUFFER_POOL DEFAULT FLASH_CACHE DEFAULT CELL_FLASH_CACHE DEFAULT)
  TABLESPACE "USERS" ;
--------------------------------------------------------
--  DDL for Index UK_USERS_EMAIL
--------------------------------------------------------

  CREATE UNIQUE INDEX "LIVELOG"."UK_USERS_EMAIL" ON "LIVELOG"."USERS" ("EMAIL") 
  PCTFREE 10 INITRANS 2 MAXTRANS 255 
  STORAGE(INITIAL 65536 NEXT 1048576 MINEXTENTS 1 MAXEXTENTS 2147483645
  PCTINCREASE 0 FREELISTS 1 FREELIST GROUPS 1
  BUFFER_POOL DEFAULT FLASH_CACHE DEFAULT CELL_FLASH_CACHE DEFAULT)
  TABLESPACE "USERS" ;
--------------------------------------------------------
--  DDL for Index SYS_C008413
--------------------------------------------------------

  CREATE UNIQUE INDEX "LIVELOG"."SYS_C008413" ON "LIVELOG"."WORKS" ("WORK_ID") 
  PCTFREE 10 INITRANS 2 MAXTRANS 255 
  STORAGE(INITIAL 65536 NEXT 1048576 MINEXTENTS 1 MAXEXTENTS 2147483645
  PCTINCREASE 0 FREELISTS 1 FREELIST GROUPS 1
  BUFFER_POOL DEFAULT FLASH_CACHE DEFAULT CELL_FLASH_CACHE DEFAULT)
  TABLESPACE "USERS" ;
--------------------------------------------------------
--  DDL for Index UK_WORKS_TITLE
--------------------------------------------------------

  CREATE UNIQUE INDEX "LIVELOG"."UK_WORKS_TITLE" ON "LIVELOG"."WORKS" ("CATEGORY_ID", "TITLE") 
  PCTFREE 10 INITRANS 2 MAXTRANS 255 
  STORAGE(INITIAL 65536 NEXT 1048576 MINEXTENTS 1 MAXEXTENTS 2147483645
  PCTINCREASE 0 FREELISTS 1 FREELIST GROUPS 1
  BUFFER_POOL DEFAULT FLASH_CACHE DEFAULT CELL_FLASH_CACHE DEFAULT)
  TABLESPACE "USERS" ;
--------------------------------------------------------
--  DDL for Index IDX_WORKS_ALIAS
--------------------------------------------------------

  CREATE INDEX "LIVELOG"."IDX_WORKS_ALIAS" ON "LIVELOG"."WORKS" ("ALIAS") 
  PCTFREE 10 INITRANS 2 MAXTRANS 255 COMPUTE STATISTICS 
  STORAGE(INITIAL 65536 NEXT 1048576 MINEXTENTS 1 MAXEXTENTS 2147483645
  PCTINCREASE 0 FREELISTS 1 FREELIST GROUPS 1
  BUFFER_POOL DEFAULT FLASH_CACHE DEFAULT CELL_FLASH_CACHE DEFAULT)
  TABLESPACE "USERS" ;
--------------------------------------------------------
--  DDL for Trigger TRG_POSTS_UPDATED_AT
--------------------------------------------------------

  CREATE OR REPLACE NONEDITIONABLE TRIGGER "LIVELOG"."TRG_POSTS_UPDATED_AT" 
BEFORE UPDATE ON POSTS
FOR EACH ROW
BEGIN
    :NEW.UPDATED_AT := CURRENT_TIMESTAMP;
END;

/
ALTER TRIGGER "LIVELOG"."TRG_POSTS_UPDATED_AT" ENABLE;
--------------------------------------------------------
--  DDL for Trigger TRG_TREND_UPDATED_AT
--------------------------------------------------------

  CREATE OR REPLACE NONEDITIONABLE TRIGGER "LIVELOG"."TRG_TREND_UPDATED_AT" 
BEFORE UPDATE ON TREND_KEYWORD
FOR EACH ROW
BEGIN
    :NEW.UPDATED_AT := CURRENT_TIMESTAMP;
END;

/
ALTER TRIGGER "LIVELOG"."TRG_TREND_UPDATED_AT" ENABLE;
--------------------------------------------------------
--  DDL for Trigger TRG_USERS_UPDATED_AT
--------------------------------------------------------

  CREATE OR REPLACE NONEDITIONABLE TRIGGER "LIVELOG"."TRG_USERS_UPDATED_AT" 
BEFORE UPDATE ON USERS
FOR EACH ROW
BEGIN
    :NEW.UPDATED_AT := CURRENT_TIMESTAMP;
END;

/
ALTER TRIGGER "LIVELOG"."TRG_USERS_UPDATED_AT" ENABLE;
--------------------------------------------------------
--  DDL for Trigger TRG_WORKS_UPDATED_AT
--------------------------------------------------------

  CREATE OR REPLACE NONEDITIONABLE TRIGGER "LIVELOG"."TRG_WORKS_UPDATED_AT" 
BEFORE UPDATE ON WORKS
FOR EACH ROW
BEGIN
    :NEW.UPDATED_AT := CURRENT_TIMESTAMP;
END;

/
ALTER TRIGGER "LIVELOG"."TRG_WORKS_UPDATED_AT" ENABLE;
--------------------------------------------------------
--  Constraints for Table AD_CLICK
--------------------------------------------------------

  ALTER TABLE "LIVELOG"."AD_CLICK" MODIFY ("CLICK_ID" NOT NULL ENABLE);
  ALTER TABLE "LIVELOG"."AD_CLICK" MODIFY ("AD_ID" NOT NULL ENABLE);
  ALTER TABLE "LIVELOG"."AD_CLICK" MODIFY ("CREATED_AT" NOT NULL ENABLE);
  ALTER TABLE "LIVELOG"."AD_CLICK" ADD PRIMARY KEY ("CLICK_ID")
  USING INDEX PCTFREE 10 INITRANS 2 MAXTRANS 255 
  TABLESPACE "USERS"  ENABLE;
--------------------------------------------------------
--  Constraints for Table AD_IMPRESSION
--------------------------------------------------------

  ALTER TABLE "LIVELOG"."AD_IMPRESSION" MODIFY ("IMPRESSION_ID" NOT NULL ENABLE);
  ALTER TABLE "LIVELOG"."AD_IMPRESSION" MODIFY ("AD_ID" NOT NULL ENABLE);
  ALTER TABLE "LIVELOG"."AD_IMPRESSION" MODIFY ("CREATED_AT" NOT NULL ENABLE);
  ALTER TABLE "LIVELOG"."AD_IMPRESSION" ADD PRIMARY KEY ("IMPRESSION_ID")
  USING INDEX PCTFREE 10 INITRANS 2 MAXTRANS 255 
  TABLESPACE "USERS"  ENABLE;
--------------------------------------------------------
--  Constraints for Table ADS
--------------------------------------------------------

  ALTER TABLE "LIVELOG"."ADS" MODIFY ("AD_ID" NOT NULL ENABLE);
  ALTER TABLE "LIVELOG"."ADS" MODIFY ("CONTENT" NOT NULL ENABLE);
  ALTER TABLE "LIVELOG"."ADS" MODIFY ("CREATED_AT" NOT NULL ENABLE);
  ALTER TABLE "LIVELOG"."ADS" ADD PRIMARY KEY ("AD_ID")
  USING INDEX PCTFREE 10 INITRANS 2 MAXTRANS 255 
  TABLESPACE "USERS"  ENABLE;
--------------------------------------------------------
--  Constraints for Table AI_ANALYSIS_LOG
--------------------------------------------------------

  ALTER TABLE "LIVELOG"."AI_ANALYSIS_LOG" MODIFY ("ANALYSIS_ID" NOT NULL ENABLE);
  ALTER TABLE "LIVELOG"."AI_ANALYSIS_LOG" MODIFY ("POST_ID" NOT NULL ENABLE);
  ALTER TABLE "LIVELOG"."AI_ANALYSIS_LOG" MODIFY ("IS_SPOILER" NOT NULL ENABLE);
  ALTER TABLE "LIVELOG"."AI_ANALYSIS_LOG" MODIFY ("CREATED_AT" NOT NULL ENABLE);
  ALTER TABLE "LIVELOG"."AI_ANALYSIS_LOG" ADD CONSTRAINT "CK_AI_LOG_IS_SPOILER" CHECK (IS_SPOILER IN (0, 1)) ENABLE;
  ALTER TABLE "LIVELOG"."AI_ANALYSIS_LOG" ADD PRIMARY KEY ("ANALYSIS_ID")
  USING INDEX PCTFREE 10 INITRANS 2 MAXTRANS 255 
  TABLESPACE "USERS"  ENABLE;
--------------------------------------------------------
--  Constraints for Table CATEGORY
--------------------------------------------------------

  ALTER TABLE "LIVELOG"."CATEGORY" ADD CONSTRAINT "UK_CATEGORY_NAME" UNIQUE ("NAME")
  USING INDEX PCTFREE 10 INITRANS 2 MAXTRANS 255 
  STORAGE(INITIAL 65536 NEXT 1048576 MINEXTENTS 1 MAXEXTENTS 2147483645
  PCTINCREASE 0 FREELISTS 1 FREELIST GROUPS 1
  BUFFER_POOL DEFAULT FLASH_CACHE DEFAULT CELL_FLASH_CACHE DEFAULT)
  TABLESPACE "USERS"  ENABLE;
  ALTER TABLE "LIVELOG"."CATEGORY" MODIFY ("CATEGORY_ID" NOT NULL ENABLE);
  ALTER TABLE "LIVELOG"."CATEGORY" MODIFY ("NAME" NOT NULL ENABLE);
  ALTER TABLE "LIVELOG"."CATEGORY" ADD PRIMARY KEY ("CATEGORY_ID")
  USING INDEX PCTFREE 10 INITRANS 2 MAXTRANS 255 
  STORAGE(INITIAL 65536 NEXT 1048576 MINEXTENTS 1 MAXEXTENTS 2147483645
  PCTINCREASE 0 FREELISTS 1 FREELIST GROUPS 1
  BUFFER_POOL DEFAULT FLASH_CACHE DEFAULT CELL_FLASH_CACHE DEFAULT)
  TABLESPACE "USERS"  ENABLE;
--------------------------------------------------------
--  Constraints for Table DM
--------------------------------------------------------

  ALTER TABLE "LIVELOG"."DM" MODIFY ("MESSAGE_ID" NOT NULL ENABLE);
  ALTER TABLE "LIVELOG"."DM" MODIFY ("SENDER_ID" NOT NULL ENABLE);
  ALTER TABLE "LIVELOG"."DM" MODIFY ("RECEIVER_ID" NOT NULL ENABLE);
  ALTER TABLE "LIVELOG"."DM" MODIFY ("CONTENT" NOT NULL ENABLE);
  ALTER TABLE "LIVELOG"."DM" MODIFY ("IS_READ" NOT NULL ENABLE);
  ALTER TABLE "LIVELOG"."DM" MODIFY ("CREATED_AT" NOT NULL ENABLE);
  ALTER TABLE "LIVELOG"."DM" ADD CONSTRAINT "CK_DM_IS_READ" CHECK (IS_READ IN (0, 1)) ENABLE;
  ALTER TABLE "LIVELOG"."DM" ADD PRIMARY KEY ("MESSAGE_ID")
  USING INDEX PCTFREE 10 INITRANS 2 MAXTRANS 255 
  TABLESPACE "USERS"  ENABLE;
--------------------------------------------------------
--  Constraints for Table FOLLOWS
--------------------------------------------------------

  ALTER TABLE "LIVELOG"."FOLLOWS" MODIFY ("FOLLOW_ID" NOT NULL ENABLE);
  ALTER TABLE "LIVELOG"."FOLLOWS" MODIFY ("FOLLOWER_ID" NOT NULL ENABLE);
  ALTER TABLE "LIVELOG"."FOLLOWS" MODIFY ("FOLLOWING_ID" NOT NULL ENABLE);
  ALTER TABLE "LIVELOG"."FOLLOWS" MODIFY ("CREATED_AT" NOT NULL ENABLE);
  ALTER TABLE "LIVELOG"."FOLLOWS" ADD CONSTRAINT "CK_FOLLOWS_SELF" CHECK (FOLLOWER_ID <> FOLLOWING_ID) ENABLE;
  ALTER TABLE "LIVELOG"."FOLLOWS" ADD PRIMARY KEY ("FOLLOW_ID")
  USING INDEX PCTFREE 10 INITRANS 2 MAXTRANS 255 
  TABLESPACE "USERS"  ENABLE;
  ALTER TABLE "LIVELOG"."FOLLOWS" ADD CONSTRAINT "UK_FOLLOWS_PAIR" UNIQUE ("FOLLOWER_ID", "FOLLOWING_ID")
  USING INDEX PCTFREE 10 INITRANS 2 MAXTRANS 255 
  TABLESPACE "USERS"  ENABLE;
--------------------------------------------------------
--  Constraints for Table NOTICE
--------------------------------------------------------

  ALTER TABLE "LIVELOG"."NOTICE" MODIFY ("NOTIFICATION_ID" NOT NULL ENABLE);
  ALTER TABLE "LIVELOG"."NOTICE" MODIFY ("RECEIVER_ID" NOT NULL ENABLE);
  ALTER TABLE "LIVELOG"."NOTICE" MODIFY ("NOTIFICATION_TYPE" NOT NULL ENABLE);
  ALTER TABLE "LIVELOG"."NOTICE" MODIFY ("IS_READ" NOT NULL ENABLE);
  ALTER TABLE "LIVELOG"."NOTICE" MODIFY ("CREATED_AT" NOT NULL ENABLE);
  ALTER TABLE "LIVELOG"."NOTICE" ADD CONSTRAINT "CK_NOTICE_IS_READ" CHECK (IS_READ IN (0, 1)) ENABLE;
  ALTER TABLE "LIVELOG"."NOTICE" ADD PRIMARY KEY ("NOTIFICATION_ID")
  USING INDEX PCTFREE 10 INITRANS 2 MAXTRANS 255 
  TABLESPACE "USERS"  ENABLE;
--------------------------------------------------------
--  Constraints for Table POST_BOOKMARK
--------------------------------------------------------

  ALTER TABLE "LIVELOG"."POST_BOOKMARK" MODIFY ("BOOKMARK_ID" NOT NULL ENABLE);
  ALTER TABLE "LIVELOG"."POST_BOOKMARK" MODIFY ("USER_ID" NOT NULL ENABLE);
  ALTER TABLE "LIVELOG"."POST_BOOKMARK" MODIFY ("POST_ID" NOT NULL ENABLE);
  ALTER TABLE "LIVELOG"."POST_BOOKMARK" MODIFY ("CREATED_AT" NOT NULL ENABLE);
  ALTER TABLE "LIVELOG"."POST_BOOKMARK" ADD PRIMARY KEY ("BOOKMARK_ID")
  USING INDEX PCTFREE 10 INITRANS 2 MAXTRANS 255 
  STORAGE(INITIAL 65536 NEXT 1048576 MINEXTENTS 1 MAXEXTENTS 2147483645
  PCTINCREASE 0 FREELISTS 1 FREELIST GROUPS 1
  BUFFER_POOL DEFAULT FLASH_CACHE DEFAULT CELL_FLASH_CACHE DEFAULT)
  TABLESPACE "USERS"  ENABLE;
  ALTER TABLE "LIVELOG"."POST_BOOKMARK" ADD CONSTRAINT "UK_POST_BOOKMARK_USER_POST" UNIQUE ("USER_ID", "POST_ID")
  USING INDEX PCTFREE 10 INITRANS 2 MAXTRANS 255 
  STORAGE(INITIAL 65536 NEXT 1048576 MINEXTENTS 1 MAXEXTENTS 2147483645
  PCTINCREASE 0 FREELISTS 1 FREELIST GROUPS 1
  BUFFER_POOL DEFAULT FLASH_CACHE DEFAULT CELL_FLASH_CACHE DEFAULT)
  TABLESPACE "USERS"  ENABLE;
--------------------------------------------------------
--  Constraints for Table POST_LIKE
--------------------------------------------------------

  ALTER TABLE "LIVELOG"."POST_LIKE" MODIFY ("LIKE_ID" NOT NULL ENABLE);
  ALTER TABLE "LIVELOG"."POST_LIKE" MODIFY ("USER_ID" NOT NULL ENABLE);
  ALTER TABLE "LIVELOG"."POST_LIKE" MODIFY ("POST_ID" NOT NULL ENABLE);
  ALTER TABLE "LIVELOG"."POST_LIKE" MODIFY ("CREATED_AT" NOT NULL ENABLE);
  ALTER TABLE "LIVELOG"."POST_LIKE" ADD PRIMARY KEY ("LIKE_ID")
  USING INDEX PCTFREE 10 INITRANS 2 MAXTRANS 255 
  STORAGE(INITIAL 65536 NEXT 1048576 MINEXTENTS 1 MAXEXTENTS 2147483645
  PCTINCREASE 0 FREELISTS 1 FREELIST GROUPS 1
  BUFFER_POOL DEFAULT FLASH_CACHE DEFAULT CELL_FLASH_CACHE DEFAULT)
  TABLESPACE "USERS"  ENABLE;
  ALTER TABLE "LIVELOG"."POST_LIKE" ADD CONSTRAINT "UK_POST_LIKE_USER_POST" UNIQUE ("USER_ID", "POST_ID")
  USING INDEX PCTFREE 10 INITRANS 2 MAXTRANS 255 
  STORAGE(INITIAL 65536 NEXT 1048576 MINEXTENTS 1 MAXEXTENTS 2147483645
  PCTINCREASE 0 FREELISTS 1 FREELIST GROUPS 1
  BUFFER_POOL DEFAULT FLASH_CACHE DEFAULT CELL_FLASH_CACHE DEFAULT)
  TABLESPACE "USERS"  ENABLE;
--------------------------------------------------------
--  Constraints for Table POST_MEDIA
--------------------------------------------------------

  ALTER TABLE "LIVELOG"."POST_MEDIA" MODIFY ("MEDIA_ID" NOT NULL ENABLE);
  ALTER TABLE "LIVELOG"."POST_MEDIA" MODIFY ("POST_ID" NOT NULL ENABLE);
  ALTER TABLE "LIVELOG"."POST_MEDIA" MODIFY ("FILE_PATH" NOT NULL ENABLE);
  ALTER TABLE "LIVELOG"."POST_MEDIA" MODIFY ("FILE_NAME" NOT NULL ENABLE);
  ALTER TABLE "LIVELOG"."POST_MEDIA" MODIFY ("FILE_SIZE" NOT NULL ENABLE);
  ALTER TABLE "LIVELOG"."POST_MEDIA" MODIFY ("FILE_EXT" NOT NULL ENABLE);
  ALTER TABLE "LIVELOG"."POST_MEDIA" MODIFY ("MIME_TYPE" NOT NULL ENABLE);
  ALTER TABLE "LIVELOG"."POST_MEDIA" MODIFY ("MEDIA_TYPE" NOT NULL ENABLE);
  ALTER TABLE "LIVELOG"."POST_MEDIA" MODIFY ("ORDER_IDX" NOT NULL ENABLE);
  ALTER TABLE "LIVELOG"."POST_MEDIA" MODIFY ("CREATED_AT" NOT NULL ENABLE);
  ALTER TABLE "LIVELOG"."POST_MEDIA" ADD CONSTRAINT "CK_POST_MEDIA_TYPE" CHECK (MEDIA_TYPE IN ('IMAGE', 'VIDEO')) ENABLE;
  ALTER TABLE "LIVELOG"."POST_MEDIA" ADD PRIMARY KEY ("MEDIA_ID")
  USING INDEX PCTFREE 10 INITRANS 2 MAXTRANS 255 
  STORAGE(INITIAL 65536 NEXT 1048576 MINEXTENTS 1 MAXEXTENTS 2147483645
  PCTINCREASE 0 FREELISTS 1 FREELIST GROUPS 1
  BUFFER_POOL DEFAULT FLASH_CACHE DEFAULT CELL_FLASH_CACHE DEFAULT)
  TABLESPACE "USERS"  ENABLE;
--------------------------------------------------------
--  Constraints for Table POST_TAG
--------------------------------------------------------

  ALTER TABLE "LIVELOG"."POST_TAG" MODIFY ("POST_ID" NOT NULL ENABLE);
  ALTER TABLE "LIVELOG"."POST_TAG" MODIFY ("TAG" NOT NULL ENABLE);
  ALTER TABLE "LIVELOG"."POST_TAG" ADD PRIMARY KEY ("POST_ID", "TAG")
  USING INDEX PCTFREE 10 INITRANS 2 MAXTRANS 255 
  STORAGE(INITIAL 65536 NEXT 1048576 MINEXTENTS 1 MAXEXTENTS 2147483645
  PCTINCREASE 0 FREELISTS 1 FREELIST GROUPS 1
  BUFFER_POOL DEFAULT FLASH_CACHE DEFAULT CELL_FLASH_CACHE DEFAULT)
  TABLESPACE "USERS"  ENABLE;
--------------------------------------------------------
--  Constraints for Table POSTS
--------------------------------------------------------

  ALTER TABLE "LIVELOG"."POSTS" MODIFY ("IS_DELETED" NOT NULL ENABLE);
  ALTER TABLE "LIVELOG"."POSTS" ADD CONSTRAINT "CK_POSTS_IS_DELETED" CHECK (IS_DELETED IN (0, 1)) ENABLE;
  ALTER TABLE "LIVELOG"."POSTS" MODIFY ("POST_ID" NOT NULL ENABLE);
  ALTER TABLE "LIVELOG"."POSTS" MODIFY ("USER_ID" NOT NULL ENABLE);
  ALTER TABLE "LIVELOG"."POSTS" MODIFY ("WORK_ID" NOT NULL ENABLE);
  ALTER TABLE "LIVELOG"."POSTS" MODIFY ("PROGRESS" NOT NULL ENABLE);
  ALTER TABLE "LIVELOG"."POSTS" MODIFY ("CONTENT" NOT NULL ENABLE);
  ALTER TABLE "LIVELOG"."POSTS" MODIFY ("IS_SPOILER" NOT NULL ENABLE);
  ALTER TABLE "LIVELOG"."POSTS" MODIFY ("CREATED_AT" NOT NULL ENABLE);
  ALTER TABLE "LIVELOG"."POSTS" MODIFY ("UPDATED_AT" NOT NULL ENABLE);
  ALTER TABLE "LIVELOG"."POSTS" ADD CONSTRAINT "CK_POSTS_IS_SPOILER" CHECK (IS_SPOILER IN (0, 1)) ENABLE;
  ALTER TABLE "LIVELOG"."POSTS" ADD CONSTRAINT "CK_POSTS_PARENT_SELF" CHECK (PARENT_POST_ID IS NULL OR POST_ID <> PARENT_POST_ID) ENABLE;
  ALTER TABLE "LIVELOG"."POSTS" ADD CONSTRAINT "CK_POSTS_QUOTE_SELF" CHECK (QUOTE_POST_ID IS NULL OR POST_ID <> QUOTE_POST_ID) ENABLE;
  ALTER TABLE "LIVELOG"."POSTS" ADD PRIMARY KEY ("POST_ID")
  USING INDEX PCTFREE 10 INITRANS 2 MAXTRANS 255 
  STORAGE(INITIAL 65536 NEXT 1048576 MINEXTENTS 1 MAXEXTENTS 2147483645
  PCTINCREASE 0 FREELISTS 1 FREELIST GROUPS 1
  BUFFER_POOL DEFAULT FLASH_CACHE DEFAULT CELL_FLASH_CACHE DEFAULT)
  TABLESPACE "USERS"  ENABLE;
--------------------------------------------------------
--  Constraints for Table REPORT
--------------------------------------------------------

  ALTER TABLE "LIVELOG"."REPORT" MODIFY ("REPORT_ID" NOT NULL ENABLE);
  ALTER TABLE "LIVELOG"."REPORT" MODIFY ("REPORTER_ID" NOT NULL ENABLE);
  ALTER TABLE "LIVELOG"."REPORT" MODIFY ("TARGET_POST_ID" NOT NULL ENABLE);
  ALTER TABLE "LIVELOG"."REPORT" MODIFY ("REASON" NOT NULL ENABLE);
  ALTER TABLE "LIVELOG"."REPORT" MODIFY ("STATUS" NOT NULL ENABLE);
  ALTER TABLE "LIVELOG"."REPORT" MODIFY ("CREATED_AT" NOT NULL ENABLE);
  ALTER TABLE "LIVELOG"."REPORT" ADD PRIMARY KEY ("REPORT_ID")
  USING INDEX PCTFREE 10 INITRANS 2 MAXTRANS 255 
  TABLESPACE "USERS"  ENABLE;
  ALTER TABLE "LIVELOG"."REPORT" ADD CONSTRAINT "UK_REPORT_USER_POST" UNIQUE ("REPORTER_ID", "TARGET_POST_ID")
  USING INDEX PCTFREE 10 INITRANS 2 MAXTRANS 255 
  TABLESPACE "USERS"  ENABLE;
  ALTER TABLE "LIVELOG"."REPORT" ADD CONSTRAINT "CK_REPORT_STATUS" CHECK (STATUS IN ('PENDING', 'APPROVED', 'REJECTED')) ENABLE;
--------------------------------------------------------
--  Constraints for Table REPOST
--------------------------------------------------------

  ALTER TABLE "LIVELOG"."REPOST" MODIFY ("REPOST_ID" NOT NULL ENABLE);
  ALTER TABLE "LIVELOG"."REPOST" MODIFY ("USER_ID" NOT NULL ENABLE);
  ALTER TABLE "LIVELOG"."REPOST" MODIFY ("POST_ID" NOT NULL ENABLE);
  ALTER TABLE "LIVELOG"."REPOST" MODIFY ("CREATED_AT" NOT NULL ENABLE);
  ALTER TABLE "LIVELOG"."REPOST" ADD PRIMARY KEY ("REPOST_ID")
  USING INDEX PCTFREE 10 INITRANS 2 MAXTRANS 255 
  STORAGE(INITIAL 65536 NEXT 1048576 MINEXTENTS 1 MAXEXTENTS 2147483645
  PCTINCREASE 0 FREELISTS 1 FREELIST GROUPS 1
  BUFFER_POOL DEFAULT FLASH_CACHE DEFAULT CELL_FLASH_CACHE DEFAULT)
  TABLESPACE "USERS"  ENABLE;
  ALTER TABLE "LIVELOG"."REPOST" ADD CONSTRAINT "UK_REPOST_USER_POST" UNIQUE ("USER_ID", "POST_ID")
  USING INDEX PCTFREE 10 INITRANS 2 MAXTRANS 255 
  STORAGE(INITIAL 65536 NEXT 1048576 MINEXTENTS 1 MAXEXTENTS 2147483645
  PCTINCREASE 0 FREELISTS 1 FREELIST GROUPS 1
  BUFFER_POOL DEFAULT FLASH_CACHE DEFAULT CELL_FLASH_CACHE DEFAULT)
  TABLESPACE "USERS"  ENABLE;
--------------------------------------------------------
--  Constraints for Table TREND_KEYWORD
--------------------------------------------------------

  ALTER TABLE "LIVELOG"."TREND_KEYWORD" MODIFY ("KEYWORD_ID" NOT NULL ENABLE);
  ALTER TABLE "LIVELOG"."TREND_KEYWORD" MODIFY ("KEYWORD" NOT NULL ENABLE);
  ALTER TABLE "LIVELOG"."TREND_KEYWORD" MODIFY ("MENTION_COUNT" NOT NULL ENABLE);
  ALTER TABLE "LIVELOG"."TREND_KEYWORD" MODIFY ("UPDATED_AT" NOT NULL ENABLE);
  ALTER TABLE "LIVELOG"."TREND_KEYWORD" ADD PRIMARY KEY ("KEYWORD_ID")
  USING INDEX PCTFREE 10 INITRANS 2 MAXTRANS 255 
  TABLESPACE "USERS"  ENABLE;
  ALTER TABLE "LIVELOG"."TREND_KEYWORD" ADD CONSTRAINT "UK_TREND_KEYWORD" UNIQUE ("KEYWORD")
  USING INDEX PCTFREE 10 INITRANS 2 MAXTRANS 255 
  TABLESPACE "USERS"  ENABLE;
--------------------------------------------------------
--  Constraints for Table USER_BLOCK
--------------------------------------------------------

  ALTER TABLE "LIVELOG"."USER_BLOCK" MODIFY ("BLOCK_ID" NOT NULL ENABLE);
  ALTER TABLE "LIVELOG"."USER_BLOCK" MODIFY ("BLOCKER_ID" NOT NULL ENABLE);
  ALTER TABLE "LIVELOG"."USER_BLOCK" MODIFY ("BLOCKED_ID" NOT NULL ENABLE);
  ALTER TABLE "LIVELOG"."USER_BLOCK" MODIFY ("CREATED_AT" NOT NULL ENABLE);
  ALTER TABLE "LIVELOG"."USER_BLOCK" ADD CONSTRAINT "CK_USER_BLOCK_SELF" CHECK (BLOCKER_ID <> BLOCKED_ID) ENABLE;
  ALTER TABLE "LIVELOG"."USER_BLOCK" ADD PRIMARY KEY ("BLOCK_ID")
  USING INDEX PCTFREE 10 INITRANS 2 MAXTRANS 255 
  TABLESPACE "USERS"  ENABLE;
  ALTER TABLE "LIVELOG"."USER_BLOCK" ADD CONSTRAINT "UK_USER_BLOCK_PAIR" UNIQUE ("BLOCKER_ID", "BLOCKED_ID")
  USING INDEX PCTFREE 10 INITRANS 2 MAXTRANS 255 
  TABLESPACE "USERS"  ENABLE;
--------------------------------------------------------
--  Constraints for Table USER_CATEGORY
--------------------------------------------------------

  ALTER TABLE "LIVELOG"."USER_CATEGORY" MODIFY ("USER_ID" NOT NULL ENABLE);
  ALTER TABLE "LIVELOG"."USER_CATEGORY" MODIFY ("CATEGORY_ID" NOT NULL ENABLE);
  ALTER TABLE "LIVELOG"."USER_CATEGORY" ADD PRIMARY KEY ("USER_ID", "CATEGORY_ID")
  USING INDEX PCTFREE 10 INITRANS 2 MAXTRANS 255 
  STORAGE(INITIAL 65536 NEXT 1048576 MINEXTENTS 1 MAXEXTENTS 2147483645
  PCTINCREASE 0 FREELISTS 1 FREELIST GROUPS 1
  BUFFER_POOL DEFAULT FLASH_CACHE DEFAULT CELL_FLASH_CACHE DEFAULT)
  TABLESPACE "USERS"  ENABLE;
--------------------------------------------------------
--  Constraints for Table USERS
--------------------------------------------------------

  ALTER TABLE "LIVELOG"."USERS" MODIFY ("ROLE" NOT NULL ENABLE);
  ALTER TABLE "LIVELOG"."USERS" MODIFY ("SPOILER_FILTER" NOT NULL ENABLE);
  ALTER TABLE "LIVELOG"."USERS" ADD CONSTRAINT "CK_USERS_AI_SPOILER_FILTER" CHECK ("SPOILER_FILTER"=0 OR "SPOILER_FILTER"=1) ENABLE;
  ALTER TABLE "LIVELOG"."USERS" MODIFY ("USER_ID" NOT NULL ENABLE);
  ALTER TABLE "LIVELOG"."USERS" MODIFY ("USERNAME" NOT NULL ENABLE);
  ALTER TABLE "LIVELOG"."USERS" MODIFY ("PASSWORD_HASH" NOT NULL ENABLE);
  ALTER TABLE "LIVELOG"."USERS" MODIFY ("EMAIL" NOT NULL ENABLE);
  ALTER TABLE "LIVELOG"."USERS" MODIFY ("CREATED_AT" NOT NULL ENABLE);
  ALTER TABLE "LIVELOG"."USERS" MODIFY ("UPDATED_AT" NOT NULL ENABLE);
  ALTER TABLE "LIVELOG"."USERS" ADD PRIMARY KEY ("USER_ID")
  USING INDEX PCTFREE 10 INITRANS 2 MAXTRANS 255 
  STORAGE(INITIAL 65536 NEXT 1048576 MINEXTENTS 1 MAXEXTENTS 2147483645
  PCTINCREASE 0 FREELISTS 1 FREELIST GROUPS 1
  BUFFER_POOL DEFAULT FLASH_CACHE DEFAULT CELL_FLASH_CACHE DEFAULT)
  TABLESPACE "USERS"  ENABLE;
  ALTER TABLE "LIVELOG"."USERS" ADD CONSTRAINT "UK_USERS_USERNAME" UNIQUE ("USERNAME")
  USING INDEX PCTFREE 10 INITRANS 2 MAXTRANS 255 
  STORAGE(INITIAL 65536 NEXT 1048576 MINEXTENTS 1 MAXEXTENTS 2147483645
  PCTINCREASE 0 FREELISTS 1 FREELIST GROUPS 1
  BUFFER_POOL DEFAULT FLASH_CACHE DEFAULT CELL_FLASH_CACHE DEFAULT)
  TABLESPACE "USERS"  ENABLE;
  ALTER TABLE "LIVELOG"."USERS" ADD CONSTRAINT "UK_USERS_EMAIL" UNIQUE ("EMAIL")
  USING INDEX PCTFREE 10 INITRANS 2 MAXTRANS 255 
  STORAGE(INITIAL 65536 NEXT 1048576 MINEXTENTS 1 MAXEXTENTS 2147483645
  PCTINCREASE 0 FREELISTS 1 FREELIST GROUPS 1
  BUFFER_POOL DEFAULT FLASH_CACHE DEFAULT CELL_FLASH_CACHE DEFAULT)
  TABLESPACE "USERS"  ENABLE;
  ALTER TABLE "LIVELOG"."USERS" MODIFY ("EMAIL_VERIFIED" NOT NULL ENABLE);
  ALTER TABLE "LIVELOG"."USERS" ADD CONSTRAINT "CK_USERS_EMAIL_VERIFIED" CHECK (EMAIL_VERIFIED IN (0, 1)) ENABLE;
  ALTER TABLE "LIVELOG"."USERS" MODIFY ("NICKNAME" NOT NULL ENABLE);
  ALTER TABLE "LIVELOG"."USERS" MODIFY ("DISCRIMINATOR" NOT NULL ENABLE);
  ALTER TABLE "LIVELOG"."USERS" ADD CONSTRAINT "UQ_NICKNAME_TAG" UNIQUE ("NICKNAME", "DISCRIMINATOR")
  USING INDEX PCTFREE 10 INITRANS 2 MAXTRANS 255 COMPUTE STATISTICS 
  STORAGE(INITIAL 65536 NEXT 1048576 MINEXTENTS 1 MAXEXTENTS 2147483645
  PCTINCREASE 0 FREELISTS 1 FREELIST GROUPS 1
  BUFFER_POOL DEFAULT FLASH_CACHE DEFAULT CELL_FLASH_CACHE DEFAULT)
  TABLESPACE "USERS"  ENABLE;
  ALTER TABLE "LIVELOG"."USERS" ADD CONSTRAINT "CK_USERS_ROLE" CHECK (ROLE IN ('USER', 'ADMIN')) ENABLE;
--------------------------------------------------------
--  Constraints for Table WORKS
--------------------------------------------------------

  ALTER TABLE "LIVELOG"."WORKS" MODIFY ("WORK_ID" NOT NULL ENABLE);
  ALTER TABLE "LIVELOG"."WORKS" MODIFY ("CATEGORY_ID" NOT NULL ENABLE);
  ALTER TABLE "LIVELOG"."WORKS" MODIFY ("TITLE" NOT NULL ENABLE);
  ALTER TABLE "LIVELOG"."WORKS" MODIFY ("CREATED_AT" NOT NULL ENABLE);
  ALTER TABLE "LIVELOG"."WORKS" MODIFY ("UPDATED_AT" NOT NULL ENABLE);
  ALTER TABLE "LIVELOG"."WORKS" ADD PRIMARY KEY ("WORK_ID")
  USING INDEX PCTFREE 10 INITRANS 2 MAXTRANS 255 
  STORAGE(INITIAL 65536 NEXT 1048576 MINEXTENTS 1 MAXEXTENTS 2147483645
  PCTINCREASE 0 FREELISTS 1 FREELIST GROUPS 1
  BUFFER_POOL DEFAULT FLASH_CACHE DEFAULT CELL_FLASH_CACHE DEFAULT)
  TABLESPACE "USERS"  ENABLE;
  ALTER TABLE "LIVELOG"."WORKS" ADD CONSTRAINT "UK_WORKS_TITLE" UNIQUE ("CATEGORY_ID", "TITLE")
  USING INDEX PCTFREE 10 INITRANS 2 MAXTRANS 255 
  STORAGE(INITIAL 65536 NEXT 1048576 MINEXTENTS 1 MAXEXTENTS 2147483645
  PCTINCREASE 0 FREELISTS 1 FREELIST GROUPS 1
  BUFFER_POOL DEFAULT FLASH_CACHE DEFAULT CELL_FLASH_CACHE DEFAULT)
  TABLESPACE "USERS"  ENABLE;
--------------------------------------------------------
--  Ref Constraints for Table AD_CLICK
--------------------------------------------------------

  ALTER TABLE "LIVELOG"."AD_CLICK" ADD CONSTRAINT "FK_AD_CLK_AD" FOREIGN KEY ("AD_ID")
	  REFERENCES "LIVELOG"."ADS" ("AD_ID") ON DELETE CASCADE ENABLE;
  ALTER TABLE "LIVELOG"."AD_CLICK" ADD CONSTRAINT "FK_AD_CLK_USER" FOREIGN KEY ("USER_ID")
	  REFERENCES "LIVELOG"."USERS" ("USER_ID") ON DELETE CASCADE ENABLE;
--------------------------------------------------------
--  Ref Constraints for Table AD_IMPRESSION
--------------------------------------------------------

  ALTER TABLE "LIVELOG"."AD_IMPRESSION" ADD CONSTRAINT "FK_AD_IMP_AD" FOREIGN KEY ("AD_ID")
	  REFERENCES "LIVELOG"."ADS" ("AD_ID") ON DELETE CASCADE ENABLE;
  ALTER TABLE "LIVELOG"."AD_IMPRESSION" ADD CONSTRAINT "FK_AD_IMP_USER" FOREIGN KEY ("USER_ID")
	  REFERENCES "LIVELOG"."USERS" ("USER_ID") ON DELETE CASCADE ENABLE;
  ALTER TABLE "LIVELOG"."AD_IMPRESSION" ADD CONSTRAINT "FK_AD_IMP_POST" FOREIGN KEY ("POST_ID")
	  REFERENCES "LIVELOG"."POSTS" ("POST_ID") ON DELETE CASCADE ENABLE;
--------------------------------------------------------
--  Ref Constraints for Table AI_ANALYSIS_LOG
--------------------------------------------------------

  ALTER TABLE "LIVELOG"."AI_ANALYSIS_LOG" ADD CONSTRAINT "FK_AI_LOG_POST" FOREIGN KEY ("POST_ID")
	  REFERENCES "LIVELOG"."POSTS" ("POST_ID") ON DELETE CASCADE ENABLE;
--------------------------------------------------------
--  Ref Constraints for Table DM
--------------------------------------------------------

  ALTER TABLE "LIVELOG"."DM" ADD CONSTRAINT "FK_DM_SENDER" FOREIGN KEY ("SENDER_ID")
	  REFERENCES "LIVELOG"."USERS" ("USER_ID") ON DELETE CASCADE ENABLE;
  ALTER TABLE "LIVELOG"."DM" ADD CONSTRAINT "FK_DM_RECEIVER" FOREIGN KEY ("RECEIVER_ID")
	  REFERENCES "LIVELOG"."USERS" ("USER_ID") ON DELETE CASCADE ENABLE;
--------------------------------------------------------
--  Ref Constraints for Table FOLLOWS
--------------------------------------------------------

  ALTER TABLE "LIVELOG"."FOLLOWS" ADD CONSTRAINT "FK_FOLLOWS_FOLLOWER" FOREIGN KEY ("FOLLOWER_ID")
	  REFERENCES "LIVELOG"."USERS" ("USER_ID") ON DELETE CASCADE ENABLE;
  ALTER TABLE "LIVELOG"."FOLLOWS" ADD CONSTRAINT "FK_FOLLOWS_FOLLOWING" FOREIGN KEY ("FOLLOWING_ID")
	  REFERENCES "LIVELOG"."USERS" ("USER_ID") ON DELETE CASCADE ENABLE;
--------------------------------------------------------
--  Ref Constraints for Table NOTICE
--------------------------------------------------------

  ALTER TABLE "LIVELOG"."NOTICE" ADD CONSTRAINT "FK_NOTICE_RECEIVER" FOREIGN KEY ("RECEIVER_ID")
	  REFERENCES "LIVELOG"."USERS" ("USER_ID") ON DELETE CASCADE ENABLE;
  ALTER TABLE "LIVELOG"."NOTICE" ADD CONSTRAINT "FK_NOTICE_SENDER" FOREIGN KEY ("SENDER_ID")
	  REFERENCES "LIVELOG"."USERS" ("USER_ID") ON DELETE CASCADE ENABLE;
--------------------------------------------------------
--  Ref Constraints for Table POST_BOOKMARK
--------------------------------------------------------

  ALTER TABLE "LIVELOG"."POST_BOOKMARK" ADD CONSTRAINT "FK_POST_BOOKMARK_USER" FOREIGN KEY ("USER_ID")
	  REFERENCES "LIVELOG"."USERS" ("USER_ID") ON DELETE CASCADE ENABLE;
  ALTER TABLE "LIVELOG"."POST_BOOKMARK" ADD CONSTRAINT "FK_POST_BOOKMARK_POST" FOREIGN KEY ("POST_ID")
	  REFERENCES "LIVELOG"."POSTS" ("POST_ID") ON DELETE CASCADE ENABLE;
--------------------------------------------------------
--  Ref Constraints for Table POST_LIKE
--------------------------------------------------------

  ALTER TABLE "LIVELOG"."POST_LIKE" ADD CONSTRAINT "FK_POST_LIKE_USER" FOREIGN KEY ("USER_ID")
	  REFERENCES "LIVELOG"."USERS" ("USER_ID") ON DELETE CASCADE ENABLE;
  ALTER TABLE "LIVELOG"."POST_LIKE" ADD CONSTRAINT "FK_POST_LIKE_POST" FOREIGN KEY ("POST_ID")
	  REFERENCES "LIVELOG"."POSTS" ("POST_ID") ON DELETE CASCADE ENABLE;
--------------------------------------------------------
--  Ref Constraints for Table POST_MEDIA
--------------------------------------------------------

  ALTER TABLE "LIVELOG"."POST_MEDIA" ADD CONSTRAINT "FK_POST_MEDIA_POST" FOREIGN KEY ("POST_ID")
	  REFERENCES "LIVELOG"."POSTS" ("POST_ID") ON DELETE CASCADE ENABLE;
--------------------------------------------------------
--  Ref Constraints for Table POST_TAG
--------------------------------------------------------

  ALTER TABLE "LIVELOG"."POST_TAG" ADD CONSTRAINT "FK_POST_TAG_POST" FOREIGN KEY ("POST_ID")
	  REFERENCES "LIVELOG"."POSTS" ("POST_ID") ON DELETE CASCADE ENABLE;
--------------------------------------------------------
--  Ref Constraints for Table POSTS
--------------------------------------------------------

  ALTER TABLE "LIVELOG"."POSTS" ADD CONSTRAINT "FK_POSTS_USER" FOREIGN KEY ("USER_ID")
	  REFERENCES "LIVELOG"."USERS" ("USER_ID") ON DELETE CASCADE ENABLE;
  ALTER TABLE "LIVELOG"."POSTS" ADD CONSTRAINT "FK_POSTS_WORK" FOREIGN KEY ("WORK_ID")
	  REFERENCES "LIVELOG"."WORKS" ("WORK_ID") ON DELETE CASCADE ENABLE;
  ALTER TABLE "LIVELOG"."POSTS" ADD CONSTRAINT "FK_POSTS_PARENT" FOREIGN KEY ("PARENT_POST_ID")
	  REFERENCES "LIVELOG"."POSTS" ("POST_ID") ON DELETE SET NULL ENABLE;
  ALTER TABLE "LIVELOG"."POSTS" ADD CONSTRAINT "FK_POSTS_QUOTE" FOREIGN KEY ("QUOTE_POST_ID")
	  REFERENCES "LIVELOG"."POSTS" ("POST_ID") ON DELETE SET NULL ENABLE;
--------------------------------------------------------
--  Ref Constraints for Table REPORT
--------------------------------------------------------

  ALTER TABLE "LIVELOG"."REPORT" ADD CONSTRAINT "FK_REPORT_REPORTER" FOREIGN KEY ("REPORTER_ID")
	  REFERENCES "LIVELOG"."USERS" ("USER_ID") ON DELETE CASCADE ENABLE;
  ALTER TABLE "LIVELOG"."REPORT" ADD CONSTRAINT "FK_REPORT_TARGET" FOREIGN KEY ("TARGET_POST_ID")
	  REFERENCES "LIVELOG"."POSTS" ("POST_ID") ON DELETE CASCADE ENABLE;
  ALTER TABLE "LIVELOG"."REPORT" ADD CONSTRAINT "FK_REPORT_ADMIN" FOREIGN KEY ("ADMIN_ID")
	  REFERENCES "LIVELOG"."USERS" ("USER_ID") ON DELETE SET NULL ENABLE;
--------------------------------------------------------
--  Ref Constraints for Table REPOST
--------------------------------------------------------

  ALTER TABLE "LIVELOG"."REPOST" ADD CONSTRAINT "FK_REPOST_USER" FOREIGN KEY ("USER_ID")
	  REFERENCES "LIVELOG"."USERS" ("USER_ID") ON DELETE CASCADE ENABLE;
  ALTER TABLE "LIVELOG"."REPOST" ADD CONSTRAINT "FK_REPOST_POST" FOREIGN KEY ("POST_ID")
	  REFERENCES "LIVELOG"."POSTS" ("POST_ID") ON DELETE CASCADE ENABLE;
--------------------------------------------------------
--  Ref Constraints for Table USER_BLOCK
--------------------------------------------------------

  ALTER TABLE "LIVELOG"."USER_BLOCK" ADD CONSTRAINT "FK_USER_BLOCK_BLOCKER" FOREIGN KEY ("BLOCKER_ID")
	  REFERENCES "LIVELOG"."USERS" ("USER_ID") ON DELETE CASCADE ENABLE;
  ALTER TABLE "LIVELOG"."USER_BLOCK" ADD CONSTRAINT "FK_USER_BLOCK_BLOCKED" FOREIGN KEY ("BLOCKED_ID")
	  REFERENCES "LIVELOG"."USERS" ("USER_ID") ON DELETE CASCADE ENABLE;
--------------------------------------------------------
--  Ref Constraints for Table USER_CATEGORY
--------------------------------------------------------

  ALTER TABLE "LIVELOG"."USER_CATEGORY" ADD CONSTRAINT "FK_UC_USER" FOREIGN KEY ("USER_ID")
	  REFERENCES "LIVELOG"."USERS" ("USER_ID") ON DELETE CASCADE ENABLE;
